,Age,Attrition,DistanceFromHome,Education,EducationField,EnvironmentSatisfaction,Gender,JobInvolvement,JobSatisfaction,MonthlyIncome,PercentSalaryHike,PerformanceRating,RelationshipSatisfaction,StandardHours,WorkLifeBalance,YearsAtCompany
0,41,Churned,1,College,Life Sciences,Good,Female,Great,Excellent,5993,11,Great,Low,80,Low,6
1,49,Stayed,8,Below College,Life Sciences,Great,Male,Good,Good,5130,23,Excellent,Excellent,80,Great,10
2,37,Churned,2,College,Other,Excellent,Male,Good,Great,2090,15,Great,Good,80,Great,0
3,33,Stayed,3,Master's degree,Life Sciences,Excellent,Female,Great,Great,2909,11,Great,Great,80,Great,8
4,27,Stayed,2,Below College,Medical,Low,Male,Great,Good,3468,12,Great,Excellent,80,Great,2
5,32,Stayed,2,College,Life Sciences,Excellent,Male,Great,Excellent,3068,13,Great,Great,80,Good,7
6,59,Stayed,3,Bachelor's degree,Medical,Great,Female,Excellent,Low,2670,20,Excellent,Low,80,Good,1
7,30,Stayed,24,Below College,Life Sciences,Excellent,Male,Great,Great,2693,22,Excellent,Good,80,Great,1
8,38,Stayed,23,Bachelor's degree,Life Sciences,Excellent,Male,Good,Great,9526,21,Excellent,Good,80,Great,9
9,36,Stayed,27,Bachelor's degree,Medical,Great,Male,Great,Great,5237,13,Great,Good,80,Good,7
10,35,Stayed,16,Bachelor's degree,Medical,Low,Male,Excellent,Good,2426,13,Great,Great,80,Great,5
11,29,Stayed,15,College,Life Sciences,Excellent,Female,Good,Great,4193,12,Great,Excellent,80,Great,9
12,31,Stayed,26,Below College,Life Sciences,Low,Male,Great,Great,2911,17,Great,Excellent,80,Good,5
13,34,Stayed,19,College,Medical,Good,Male,Great,Excellent,2661,11,Great,Great,80,Great,2
14,28,Churned,24,Bachelor's degree,Life Sciences,Great,Male,Good,Great,2028,14,Great,Good,80,Great,4
15,29,Stayed,21,Master's degree,Life Sciences,Good,Female,Excellent,Low,9980,11,Great,Great,80,Great,10
16,32,Stayed,5,College,Life Sciences,Low,Male,Excellent,Good,3298,12,Great,Excellent,80,Good,6
17,22,Stayed,16,College,Medical,Excellent,Male,Excellent,Excellent,2935,13,Great,Good,80,Good,1
18,53,Stayed,2,Master's degree,Life Sciences,Low,Female,Good,Excellent,15427,16,Great,Great,80,Great,25
19,38,Stayed,2,Bachelor's degree,Life Sciences,Excellent,Male,Great,Excellent,3944,11,Great,Great,80,Great,3
20,24,Stayed,11,College,Other,Low,Female,Excellent,Great,4011,18,Great,Excellent,80,Good,4
21,36,Churned,9,Master's degree,Life Sciences,Great,Male,Good,Low,3407,23,Excellent,Good,80,Great,5
22,34,Stayed,7,Master's degree,Life Sciences,Low,Female,Great,Good,11994,11,Great,Great,80,Great,12
23,21,Stayed,15,College,Life Sciences,Great,Male,Great,Excellent,1232,14,Great,Excellent,80,Great,0
24,34,Churned,6,Below College,Medical,Good,Male,Great,Low,2960,11,Great,Great,80,Great,4
25,53,Stayed,5,Bachelor's degree,Other,Great,Female,Great,Great,19094,11,Great,Excellent,80,Good,14
26,32,Churned,16,Below College,Life Sciences,Good,Female,Low,Low,3919,22,Excellent,Good,80,Great,10
27,42,Stayed,8,Master's degree,Marketing,Great,Male,Great,Good,6825,11,Great,Excellent,80,Great,9
28,44,Stayed,7,Master's degree,Medical,Low,Female,Good,Excellent,10248,14,Great,Excellent,80,Great,22
29,46,Stayed,2,Master's degree,Marketing,Good,Female,Great,Low,18947,12,Great,Excellent,80,Good,2
30,33,Stayed,2,Bachelor's degree,Medical,Great,Male,Great,Excellent,2496,11,Great,Excellent,80,Great,1
31,44,Stayed,10,Master's degree,Other,Excellent,Male,Great,Excellent,6465,13,Great,Excellent,80,Excellent,4
32,30,Stayed,9,College,Medical,Excellent,Male,Good,Great,2206,13,Great,Low,80,Great,10
33,39,Churned,5,Bachelor's degree,Technical Degree,Excellent,Male,Great,Excellent,2086,14,Great,Great,80,Excellent,1
34,24,Churned,1,Bachelor's degree,Medical,Good,Male,Great,Excellent,2293,16,Great,Low,80,Good,2
35,43,Stayed,2,College,Medical,Excellent,Female,Excellent,Great,2645,12,Great,Excellent,80,Good,5
36,50,Churned,3,College,Marketing,Low,Male,Good,Great,2683,14,Great,Great,80,Great,3
37,35,Stayed,2,Bachelor's degree,Marketing,Excellent,Female,Great,Excellent,2014,13,Great,Low,80,Great,2
38,36,Stayed,5,Master's degree,Life Sciences,Good,Female,Good,Low,3419,14,Great,Excellent,80,Excellent,1
39,33,Stayed,1,Bachelor's degree,Life Sciences,Great,Female,Excellent,Low,5376,19,Great,Low,80,Great,5
40,35,Stayed,4,College,Other,Great,Male,Great,Excellent,1951,12,Great,Great,80,Great,1
41,27,Stayed,2,Master's degree,Life Sciences,Excellent,Female,Great,Low,2341,13,Great,Excellent,80,Great,1
42,26,Churned,25,Bachelor's degree,Life Sciences,Low,Male,Low,Great,2293,12,Great,Great,80,Good,1
43,27,Stayed,8,Bachelor's degree,Life Sciences,Excellent,Male,Great,Great,8726,15,Great,Excellent,80,Great,9
44,30,Stayed,1,College,Medical,Great,Female,Great,Excellent,4011,23,Excellent,Excellent,80,Great,12
45,41,Churned,12,Bachelor's degree,Technical Degree,Good,Female,Great,Great,19545,12,Great,Excellent,80,Great,22
46,34,Stayed,23,Master's degree,Marketing,Good,Male,Great,Great,4568,20,Excellent,Great,80,Great,9
47,37,Stayed,19,College,Life Sciences,Good,Male,Great,Good,3022,21,Excellent,Low,80,Great,1
48,46,Stayed,5,Master's degree,Marketing,Low,Male,Great,Excellent,5772,21,Excellent,Great,80,Great,9
49,35,Stayed,8,Below College,Life Sciences,Excellent,Male,Excellent,Excellent,2269,19,Great,Excellent,80,Great,1
50,48,Churned,1,College,Life Sciences,Low,Male,Good,Great,5381,13,Great,Excellent,80,Great,1
51,28,Churned,5,Master's degree,Technical Degree,Great,Male,Great,Great,3441,13,Great,Great,80,Good,2
52,44,Stayed,1,PhD,Marketing,Good,Female,Great,Low,5454,21,Excellent,Great,80,Good,4
53,35,Stayed,11,College,Medical,Great,Male,Good,Low,9884,13,Great,Great,80,Great,4
54,26,Stayed,23,Bachelor's degree,Marketing,Great,Female,Good,Excellent,4157,19,Great,Great,80,Good,2
55,33,Stayed,1,College,Life Sciences,Low,Female,Great,Excellent,13458,12,Great,Great,80,Great,15
56,35,Stayed,18,PhD,Life Sciences,Good,Male,Great,Low,9069,22,Excellent,Excellent,80,Good,9
57,35,Stayed,23,Master's degree,Medical,Great,Female,Great,Low,4014,15,Great,Great,80,Great,2
58,31,Stayed,7,Master's degree,Life Sciences,Excellent,Male,Great,Excellent,5915,22,Excellent,Excellent,80,Good,7
59,37,Stayed,1,Master's degree,Life Sciences,Low,Male,Good,Great,5993,18,Great,Great,80,Excellent,7
60,32,Stayed,1,Bachelor's degree,Medical,Low,Male,Great,Excellent,6162,22,Excellent,Good,80,Great,9
61,38,Stayed,29,PhD,Life Sciences,Excellent,Female,Great,Excellent,2406,11,Great,Excellent,80,Great,10
62,50,Stayed,7,College,Medical,Good,Female,Good,Great,18740,12,Great,Excellent,80,Good,27
63,59,Stayed,25,Bachelor's degree,Life Sciences,Low,Female,Great,Low,7637,11,Great,Excellent,80,Good,21
64,36,Stayed,8,Bachelor's degree,Technical Degree,Great,Female,Great,Great,10096,13,Great,Good,80,Great,17
65,55,Stayed,8,Bachelor's degree,Medical,Excellent,Female,Great,Great,14756,14,Great,Great,80,Great,5
66,36,Stayed,11,Bachelor's degree,Life Sciences,Good,Male,Good,Good,6499,13,Great,Great,80,Great,6
67,45,Stayed,7,Bachelor's degree,Life Sciences,Good,Male,Great,Low,9724,17,Great,Great,80,Great,1
68,35,Stayed,1,Bachelor's degree,Medical,Good,Male,Great,Low,2194,13,Great,Excellent,80,Good,3
69,36,Churned,9,Bachelor's degree,Medical,Excellent,Male,Good,Great,3388,17,Great,Low,80,Good,1
70,59,Stayed,1,Below College,Life Sciences,Low,Female,Good,Great,5473,11,Great,Excellent,80,Good,4
71,29,Stayed,2,Bachelor's degree,Life Sciences,Great,Male,Great,Good,2703,23,Excellent,Excellent,80,Great,5
72,31,Stayed,1,Master's degree,Medical,Great,Male,Great,Good,2501,17,Great,Good,80,Great,1
73,32,Stayed,1,Bachelor's degree,Life Sciences,Good,Male,Great,Good,6220,17,Great,Good,80,Great,10
74,36,Stayed,6,Bachelor's degree,Life Sciences,Good,Female,Excellent,Excellent,3038,12,Great,Good,80,Great,1
75,31,Stayed,8,Master's degree,Life Sciences,Great,Female,Great,Excellent,4424,23,Excellent,Excellent,80,Great,11
76,35,Stayed,1,Master's degree,Marketing,Great,Male,Good,Low,4312,14,Great,Good,80,Great,15
77,45,Stayed,6,Master's degree,Other,Excellent,Male,Great,Low,13245,14,Great,Good,80,Excellent,0
78,37,Stayed,7,Master's degree,Medical,Low,Male,Great,Great,13664,13,Great,Low,80,Excellent,5
79,46,Stayed,5,College,Medical,Good,Male,Great,Good,5021,22,Excellent,Excellent,80,Great,4
80,30,Stayed,1,Below College,Life Sciences,Excellent,Male,Good,Excellent,5126,12,Great,Great,80,Good,10
81,35,Stayed,1,Bachelor's degree,Medical,Good,Male,Good,Great,2859,18,Great,Low,80,Great,6
82,55,Stayed,1,College,Life Sciences,Low,Male,Great,Excellent,10239,14,Great,Excellent,80,Great,1
83,38,Stayed,6,Bachelor's degree,Medical,Good,Female,Low,Excellent,5329,12,Great,Excellent,80,Great,13
84,34,Stayed,1,College,Medical,Low,Male,Great,Good,4325,15,Great,Great,80,Great,5
85,56,Stayed,7,Bachelor's degree,Life Sciences,Excellent,Male,Low,Excellent,7260,11,Great,Low,80,Good,6
86,23,Stayed,2,Below College,Technical Degree,Great,Male,Great,Low,2322,13,Great,Great,80,Great,0
87,51,Stayed,9,Master's degree,Life Sciences,Excellent,Male,Great,Excellent,2075,23,Excellent,Good,80,Great,4
88,30,Stayed,2,Bachelor's degree,Life Sciences,Great,Male,Good,Excellent,4152,19,Great,Low,80,Great,11
89,46,Churned,9,College,Medical,Great,Male,Good,Excellent,9619,16,Great,Excellent,80,Great,9
90,40,Stayed,1,Master's degree,Life Sciences,Great,Male,Good,Good,13503,22,Excellent,Excellent,80,Good,22
91,51,Stayed,21,Master's degree,Marketing,Great,Male,Great,Excellent,5441,22,Excellent,Excellent,80,Low,10
92,30,Stayed,4,College,Medical,Great,Female,Good,Good,5209,12,Great,Good,80,Good,11
93,46,Stayed,1,Bachelor's degree,Medical,Great,Male,Good,Low,10673,13,Great,Great,80,Good,10
94,32,Stayed,6,Master's degree,Medical,Good,Male,Great,Great,5010,16,Great,Low,80,Great,11
95,54,Stayed,2,Master's degree,Technical Degree,Low,Female,Great,Great,13549,12,Great,Low,80,Low,4
96,24,Stayed,3,College,Other,Low,Female,Great,Great,4999,21,Excellent,Low,80,Good,3
97,28,Stayed,4,Bachelor's degree,Medical,Good,Male,Great,Great,4221,15,Great,Good,80,Excellent,5
98,58,Stayed,10,Master's degree,Medical,Excellent,Male,Great,Great,13872,13,Great,Great,80,Good,37
99,44,Stayed,23,Bachelor's degree,Medical,Good,Male,Great,Good,2042,12,Great,Great,80,Excellent,3
100,37,Churned,6,Master's degree,Human Resources,Great,Male,Great,Low,2073,22,Excellent,Excellent,80,Great,3
101,32,Stayed,1,Below College,Life Sciences,Excellent,Male,Great,Low,2956,13,Great,Excellent,80,Great,1
102,20,Churned,6,Bachelor's degree,Life Sciences,Excellent,Female,Good,Excellent,2926,18,Great,Good,80,Great,1
103,34,Stayed,6,Master's degree,Other,Low,Female,Great,Great,4809,14,Great,Great,80,Great,16
104,37,Stayed,2,College,Life Sciences,Great,Male,Good,Excellent,5163,14,Great,Excellent,80,Excellent,1
105,59,Stayed,2,Master's degree,Human Resources,Great,Female,Good,Excellent,18844,21,Excellent,Excellent,80,Great,3
106,50,Stayed,1,Bachelor's degree,Life Sciences,Low,Female,Great,Good,18172,19,Great,Low,80,Good,8
107,25,Churned,5,Bachelor's degree,Marketing,Great,Male,Good,Great,5744,11,Great,Excellent,80,Great,6
108,25,Stayed,7,Below College,Medical,Excellent,Male,Good,Excellent,2889,11,Great,Great,80,Great,2
109,22,Stayed,15,Bachelor's degree,Medical,Good,Female,Great,Excellent,2871,15,Great,Great,80,Great,0
110,51,Stayed,1,Master's degree,Medical,Low,Female,Good,Low,7484,20,Excellent,Great,80,Good,13
111,34,Churned,7,Bachelor's degree,Life Sciences,Low,Male,Low,Great,6074,24,Excellent,Excellent,80,Great,9
112,54,Stayed,26,Bachelor's degree,Human Resources,Excellent,Female,Excellent,Excellent,17328,12,Great,Great,80,Great,5
113,24,Stayed,18,Below College,Life Sciences,Good,Male,Great,Great,2774,12,Great,Great,80,Great,5
114,34,Stayed,6,Master's degree,Life Sciences,Great,Female,Good,Good,4505,15,Great,Great,80,Great,1
115,37,Stayed,3,Bachelor's degree,Life Sciences,Great,Male,Great,Excellent,7428,12,Great,Low,80,Great,5
116,34,Stayed,5,Bachelor's degree,Medical,Great,Female,Good,Low,11631,12,Great,Excellent,80,Great,11
117,36,Stayed,11,College,Technical Degree,Good,Female,Great,Excellent,9738,14,Great,Great,80,Great,9
118,36,Stayed,3,College,Life Sciences,Low,Female,Great,Excellent,2835,22,Excellent,Low,80,Great,1
119,43,Stayed,26,College,Life Sciences,Great,Male,Great,Excellent,16959,12,Great,Excellent,80,Excellent,25
120,30,Stayed,23,Bachelor's degree,Life Sciences,Low,Male,Low,Great,2613,25,Excellent,Great,80,Good,10
121,33,Stayed,22,College,Marketing,Great,Male,Great,Good,6146,13,Great,Low,80,Excellent,7
122,56,Churned,14,Master's degree,Life Sciences,Good,Female,Great,Good,4963,18,Great,Low,80,Great,5
123,51,Stayed,6,Bachelor's degree,Life Sciences,Low,Male,Great,Great,19537,13,Great,Great,80,Great,20
124,31,Churned,6,Master's degree,Life Sciences,Good,Male,Low,Great,6172,18,Great,Good,80,Good,7
125,26,Stayed,6,Bachelor's degree,Other,Great,Female,Good,Good,2368,19,Great,Great,80,Good,5
126,58,Churned,23,Master's degree,Medical,Excellent,Female,Great,Excellent,10312,12,Great,Excellent,80,Good,40
127,19,Churned,22,Below College,Marketing,Excellent,Male,Great,Great,1675,19,Great,Excellent,80,Good,0
128,22,Stayed,2,Below College,Technical Degree,Great,Male,Great,Excellent,2523,14,Great,Great,80,Great,2
129,49,Stayed,20,Master's degree,Medical,Great,Female,Great,Low,6567,14,Great,Great,80,Good,15
130,43,Stayed,28,Bachelor's degree,Medical,Good,Female,Excellent,Great,4739,12,Great,Excellent,80,Great,3
131,50,Stayed,12,Bachelor's degree,Marketing,Great,Female,Great,Excellent,9208,11,Great,Excellent,80,Great,2
132,31,Churned,20,Bachelor's degree,Life Sciences,Good,Female,Low,Great,4559,11,Great,Great,80,Great,2
133,41,Stayed,9,Below College,Life Sciences,Great,Male,Great,Great,8189,13,Great,Great,80,Great,9
134,26,Stayed,25,Below College,Life Sciences,Great,Female,Great,Great,2942,23,Excellent,Excellent,80,Great,8
135,36,Stayed,6,College,Medical,Good,Male,Great,Good,4941,20,Excellent,Excellent,80,Great,3
136,51,Churned,8,Master's degree,Life Sciences,Low,Male,Low,Excellent,10650,15,Great,Excellent,80,Great,4
137,39,Stayed,4,Master's degree,Life Sciences,Excellent,Female,Good,Great,5902,14,Great,Great,80,Excellent,15
138,25,Stayed,28,Bachelor's degree,Life Sciences,Low,Male,Good,Great,8639,18,Great,Excellent,80,Great,2
139,30,Stayed,9,Bachelor's degree,Human Resources,Great,Male,Great,Excellent,6347,19,Great,Excellent,80,Low,11
140,32,Churned,9,Bachelor's degree,Medical,Low,Female,Great,Low,4200,22,Excellent,Low,80,Excellent,5
141,45,Stayed,29,Bachelor's degree,Medical,Great,Male,Great,Excellent,3452,13,Great,Good,80,Good,6
142,38,Stayed,3,PhD,Technical Degree,Excellent,Female,Great,Great,4317,20,Excellent,Good,80,Great,3
143,30,Stayed,18,Bachelor's degree,Life Sciences,Low,Female,Great,Great,2632,14,Great,Great,80,Good,5
144,32,Stayed,9,College,Medical,Excellent,Male,Low,Excellent,4668,17,Great,Excellent,80,Excellent,8
145,30,Stayed,5,Bachelor's degree,Technical Degree,Excellent,Female,Great,Low,3204,14,Great,Excellent,80,Great,3
146,30,Stayed,2,Below College,Medical,Good,Male,Good,Excellent,2720,13,Great,Excellent,80,Great,5
147,41,Stayed,10,Bachelor's degree,Life Sciences,Excellent,Male,Good,Low,17181,13,Great,Good,80,Good,7
148,41,Stayed,9,Master's degree,Life Sciences,Great,Male,Great,Low,2238,21,Excellent,Excellent,80,Great,5
149,19,Stayed,3,Below College,Medical,Good,Female,Great,Good,1483,14,Great,Excellent,80,Great,1
150,40,Stayed,26,Bachelor's degree,Medical,Good,Female,Great,Good,5605,11,Great,Low,80,Great,20
151,35,Stayed,1,PhD,Marketing,Great,Male,Great,Good,7295,13,Great,Low,80,Great,10
152,53,Stayed,6,College,Marketing,Good,Male,Great,Great,2306,20,Excellent,Excellent,80,Low,7
153,45,Stayed,9,Bachelor's degree,Life Sciences,Good,Male,Great,Good,2348,18,Great,Great,80,Low,17
154,32,Stayed,8,Bachelor's degree,Marketing,Good,Female,Great,Excellent,8998,14,Great,Excellent,80,Great,9
155,29,Stayed,1,Below College,Technical Degree,Excellent,Male,Great,Great,4319,13,Great,Low,80,Great,10
156,51,Stayed,7,Master's degree,Medical,Good,Male,Good,Great,6132,17,Great,Great,80,Great,1
157,58,Stayed,9,Bachelor's degree,Medical,Good,Female,Good,Good,3346,20,Excellent,Good,80,Good,1
158,40,Stayed,4,Master's degree,Marketing,Great,Male,Good,Excellent,10855,11,Great,Low,80,Good,12
159,34,Stayed,2,Master's degree,Marketing,Great,Female,Great,Great,2231,18,Great,Excellent,80,Great,4
160,22,Stayed,19,Below College,Medical,Great,Male,Great,Excellent,2323,24,Excellent,Low,80,Great,2
161,27,Stayed,9,Bachelor's degree,Medical,Excellent,Male,Great,Good,2024,18,Great,Excellent,80,Low,2
162,28,Stayed,21,Bachelor's degree,Medical,Great,Male,Great,Excellent,2713,11,Great,Great,80,Low,5
163,57,Stayed,24,College,Life Sciences,Great,Male,Excellent,Excellent,9439,16,Great,Good,80,Low,5
164,27,Stayed,3,Bachelor's degree,Medical,Great,Male,Good,Great,2566,15,Great,Excellent,80,Good,1
165,50,Stayed,11,Bachelor's degree,Life Sciences,Great,Female,Great,Good,19926,15,Great,Good,80,Great,5
166,41,Stayed,14,Bachelor's degree,Life Sciences,Low,Male,Great,Great,2451,12,Great,Low,80,Great,9
167,30,Stayed,5,Bachelor's degree,Life Sciences,Good,Female,Great,Excellent,9419,12,Great,Great,80,Great,10
168,38,Stayed,1,Master's degree,Life Sciences,Low,Female,Good,Excellent,8686,22,Excellent,Great,80,Excellent,8
169,32,Stayed,6,PhD,Life Sciences,Great,Male,Great,Great,3038,20,Excellent,Low,80,Great,5
170,27,Stayed,17,Bachelor's degree,Technical Degree,Great,Male,Great,Good,3058,16,Great,Excellent,80,Good,5
171,19,Churned,1,Below College,Technical Degree,Great,Female,Low,Low,2325,21,Excellent,Low,80,Excellent,0
172,36,Stayed,3,College,Medical,Excellent,Male,Great,Good,2088,12,Great,Great,80,Good,8
173,30,Stayed,9,Bachelor's degree,Medical,Great,Male,Great,Low,3072,11,Great,Great,80,Great,12
174,45,Stayed,4,College,Life Sciences,Great,Female,Great,Low,5006,11,Great,Low,80,Excellent,5
175,56,Stayed,8,Bachelor's degree,Life Sciences,Great,Female,Great,Low,4257,18,Great,Great,80,Great,2
176,33,Stayed,2,Bachelor's degree,Life Sciences,Great,Male,Great,Excellent,2500,14,Great,Low,80,Excellent,3
177,19,Churned,2,Bachelor's degree,Life Sciences,Good,Male,Good,Excellent,1102,22,Excellent,Great,80,Good,1
178,46,Stayed,1,College,Marketing,Good,Female,Great,Low,10453,25,Excellent,Great,80,Great,24
179,38,Stayed,9,College,Life Sciences,Great,Female,Great,Excellent,2288,12,Great,Great,80,Great,2
180,31,Stayed,12,Below College,Medical,Great,Female,Great,Excellent,3929,23,Excellent,Great,80,Great,4
181,34,Stayed,27,College,Medical,Excellent,Female,Great,Good,2311,15,Great,Excellent,80,Great,3
182,41,Churned,20,College,Marketing,Good,Female,Great,Good,3140,22,Excellent,Excellent,80,Good,4
183,50,Stayed,1,Bachelor's degree,Medical,Great,Male,Good,Great,3690,15,Great,Excellent,80,Good,3
184,53,Stayed,13,College,Medical,Excellent,Female,Excellent,Low,4450,11,Great,Great,80,Great,4
185,33,Stayed,14,Bachelor's degree,Medical,Excellent,Female,Great,Good,2756,13,Great,Excellent,80,Great,8
186,40,Stayed,4,Below College,Medical,Excellent,Female,Great,Great,19033,14,Great,Good,80,Great,20
187,55,Stayed,14,Master's degree,Medical,Great,Male,Excellent,Good,18722,11,Great,Excellent,80,Great,24
188,34,Stayed,2,Below College,Life Sciences,Excellent,Male,Good,Great,9547,17,Great,Great,80,Good,10
189,51,Stayed,3,Bachelor's degree,Medical,Excellent,Female,Great,Good,13734,18,Great,Great,80,Great,7
190,52,Stayed,1,Master's degree,Life Sciences,Great,Male,Good,Great,19999,14,Great,Low,80,Great,33
191,27,Stayed,9,Bachelor's degree,Medical,Excellent,Female,Great,Good,2279,16,Great,Excellent,80,Good,7
192,35,Churned,23,College,Life Sciences,Good,Male,Good,Great,5916,13,Great,Low,80,Great,1
193,43,Stayed,7,Bachelor's degree,Medical,Excellent,Male,Excellent,Excellent,2089,14,Great,Excellent,80,Excellent,5
194,45,Stayed,2,College,Medical,Low,Male,Good,Excellent,16792,23,Excellent,Excellent,80,Great,20
195,37,Stayed,21,Bachelor's degree,Life Sciences,Good,Male,Excellent,Low,3564,12,Great,Low,80,Good,8
196,35,Stayed,2,Bachelor's degree,Medical,Good,Female,Great,Good,4425,11,Great,Excellent,80,Great,6
197,42,Stayed,21,College,Medical,Great,Female,Great,Great,5265,16,Great,Good,80,Great,5
198,38,Stayed,2,Master's degree,Life Sciences,Excellent,Male,Great,Great,6553,14,Great,Good,80,Great,1
199,38,Stayed,29,Bachelor's degree,Technical Degree,Excellent,Male,Great,Excellent,6261,18,Great,Low,80,Low,7
200,27,Stayed,1,Below College,Technical Degree,Great,Male,Good,Low,4298,19,Great,Great,80,Great,2
201,49,Stayed,18,Master's degree,Life Sciences,Excellent,Male,Great,Excellent,6804,15,Great,Low,80,Great,7
202,34,Stayed,10,Master's degree,Medical,Excellent,Male,Great,Great,3815,17,Great,Excellent,80,Excellent,5
203,40,Stayed,19,College,Medical,Great,Male,Great,Excellent,2741,15,Great,Great,80,Excellent,7
204,38,Churned,29,Below College,Medical,Good,Male,Great,Low,6673,19,Great,Good,80,Great,1
205,29,Churned,27,Bachelor's degree,Marketing,Good,Female,Great,Excellent,7639,22,Excellent,Excellent,80,Good,10
206,22,Stayed,5,Bachelor's degree,Life Sciences,Excellent,Male,Excellent,Good,2328,16,Great,Low,80,Good,4
207,36,Stayed,18,Below College,Medical,Good,Female,Great,Excellent,2153,13,Great,Low,80,Great,8
208,40,Stayed,9,PhD,Life Sciences,Excellent,Male,Good,Excellent,4876,14,Great,Excellent,80,Low,3
209,46,Stayed,1,Master's degree,Medical,Excellent,Male,Great,Low,9396,16,Great,Great,80,Great,4
210,32,Churned,4,Master's degree,Medical,Excellent,Male,Low,Excellent,10400,11,Great,Great,80,Good,14
211,30,Stayed,1,Below College,Life Sciences,Great,Male,Good,Great,8474,22,Excellent,Great,80,Great,11
212,27,Stayed,20,Bachelor's degree,Life Sciences,Excellent,Female,Great,Great,9981,14,Great,Excellent,80,Great,7
213,51,Stayed,8,Master's degree,Life Sciences,Good,Male,Good,Good,12490,16,Great,Excellent,80,Low,10
214,30,Churned,3,Bachelor's degree,Technical Degree,Excellent,Female,Great,Low,2657,11,Great,Great,80,Great,5
215,41,Stayed,6,Bachelor's degree,Life Sciences,Excellent,Female,Great,Excellent,13591,18,Great,Great,80,Great,1
216,30,Churned,26,Master's degree,Marketing,Great,Female,Good,Low,6696,15,Great,Great,80,Good,6
217,29,Churned,1,Bachelor's degree,Technical Degree,Great,Male,Great,Great,2058,14,Great,Excellent,80,Good,6
218,45,Stayed,6,Bachelor's degree,Medical,Excellent,Female,Good,Excellent,8865,12,Great,Excellent,80,Great,19
219,54,Stayed,3,Bachelor's degree,Marketing,Excellent,Female,Great,Low,5940,14,Great,Excellent,80,Great,6
220,36,Stayed,5,College,Life Sciences,Excellent,Male,Great,Good,5914,16,Great,Excellent,80,Excellent,13
221,33,Stayed,4,Master's degree,Medical,Great,Female,Good,Good,2622,21,Excellent,Excellent,80,Great,3
222,37,Stayed,11,Bachelor's degree,Other,Good,Male,Great,Excellent,12185,14,Great,Great,80,Great,10
223,38,Stayed,3,Bachelor's degree,Life Sciences,Low,Male,Great,Great,10609,12,Great,Great,80,Good,16
224,31,Stayed,1,Master's degree,Medical,Great,Male,Low,Great,4345,12,Great,Excellent,80,Great,5
225,59,Stayed,3,Bachelor's degree,Life Sciences,Great,Male,Good,Excellent,2177,17,Great,Low,80,Great,1
226,37,Stayed,4,Master's degree,Marketing,Low,Male,Great,Excellent,2793,17,Great,Great,80,Great,9
227,29,Stayed,1,Below College,Medical,Good,Female,Great,Excellent,7918,14,Great,Excellent,80,Great,11
228,35,Stayed,1,Bachelor's degree,Marketing,Great,Female,Great,Great,8789,14,Great,Low,80,Excellent,10
229,29,Churned,18,Below College,Medical,Great,Male,Good,Excellent,2389,13,Great,Great,80,Good,4
230,52,Stayed,2,Bachelor's degree,Life Sciences,Great,Female,Good,Excellent,3212,15,Great,Good,80,Good,2
231,42,Stayed,4,College,Technical Degree,Great,Male,Great,Excellent,19232,11,Great,Excellent,80,Great,22
232,59,Stayed,6,College,Medical,Good,Male,Great,Great,2267,17,Great,Excellent,80,Good,2
233,50,Stayed,1,Master's degree,Medical,Excellent,Female,Great,Excellent,19517,11,Great,Great,80,Good,7
234,33,Churned,14,Bachelor's degree,Medical,Great,Male,Great,Excellent,2436,13,Great,Great,80,Low,5
235,43,Stayed,16,Bachelor's degree,Marketing,Excellent,Female,Great,Excellent,16064,22,Excellent,Great,80,Great,17
236,33,Churned,2,College,Life Sciences,Low,Female,Great,Low,2707,20,Excellent,Low,80,Excellent,9
237,52,Stayed,2,Master's degree,Life Sciences,Low,Male,Good,Great,19068,18,Great,Excellent,80,Excellent,33
238,32,Stayed,4,College,Life Sciences,Great,Female,Great,Good,3931,11,Great,Low,80,Great,4
239,32,Churned,1,Bachelor's degree,Life Sciences,Excellent,Male,Good,Great,3730,14,Great,Excellent,80,Low,3
240,39,Stayed,1,Master's degree,Medical,Great,Female,Great,Great,2232,14,Great,Great,80,Great,3
241,32,Stayed,26,Master's degree,Marketing,Great,Male,Great,Excellent,4465,18,Great,Low,80,Great,3
242,41,Stayed,19,College,Life Sciences,Great,Male,Great,Low,3072,16,Great,Low,80,Good,1
243,40,Stayed,24,College,Technical Degree,Low,Male,Great,Excellent,3319,17,Great,Low,80,Great,9
244,45,Stayed,1,Bachelor's degree,Other,Great,Male,Excellent,Excellent,19202,11,Great,Great,80,Great,24
245,31,Stayed,3,Master's degree,Medical,Good,Male,Great,Great,13675,12,Great,Low,80,Great,2
246,33,Stayed,5,Master's degree,Life Sciences,Great,Female,Good,Excellent,2911,13,Great,Great,80,Good,2
247,34,Stayed,2,Master's degree,Life Sciences,Excellent,Male,Good,Low,5957,13,Great,Good,80,Great,11
248,37,Stayed,1,College,Medical,Great,Female,Good,Low,3920,14,Great,Low,80,Good,3
249,45,Stayed,7,Master's degree,Life Sciences,Low,Male,Excellent,Great,6434,17,Great,Excellent,80,Great,3
250,37,Churned,10,Bachelor's degree,Medical,Low,Male,Great,Great,10048,11,Great,Good,80,Great,1
251,39,Stayed,2,Master's degree,Technical Degree,Great,Female,Great,Great,10938,25,Excellent,Excellent,80,Great,19
252,29,Stayed,15,Bachelor's degree,Life Sciences,Great,Male,Great,Excellent,2340,19,Great,Low,80,Great,6
253,42,Stayed,17,College,Life Sciences,Excellent,Female,Excellent,Low,6545,13,Great,Great,80,Great,3
254,29,Stayed,20,College,Marketing,Excellent,Male,Great,Excellent,6931,14,Great,Excellent,80,Great,3
255,25,Stayed,1,Bachelor's degree,Life Sciences,Low,Female,Great,Great,4898,12,Great,Excellent,80,Great,4
256,42,Stayed,2,Bachelor's degree,Medical,Excellent,Female,Good,Low,2593,11,Great,Great,80,Great,9
257,40,Stayed,2,College,Medical,Low,Male,Great,Great,19436,19,Great,Excellent,80,Great,21
258,51,Stayed,1,Bachelor's degree,Life Sciences,Great,Male,Great,Excellent,2723,11,Great,Good,80,Good,1
259,31,Churned,29,College,Medical,Great,Male,Good,Good,3479,11,Great,Good,80,Excellent,5
260,32,Stayed,7,Bachelor's degree,Life Sciences,Good,Male,Excellent,Good,2794,20,Excellent,Great,80,Low,5
261,38,Stayed,2,College,Life Sciences,Excellent,Male,Good,Excellent,5249,18,Great,Excellent,80,Great,8
262,32,Stayed,2,Below College,Technical Degree,Excellent,Male,Good,Low,2176,13,Great,Excellent,80,Great,6
263,46,Stayed,2,Bachelor's degree,Technical Degree,Great,Female,Low,Good,16872,12,Great,Good,80,Good,7
264,28,Churned,2,Master's degree,Life Sciences,Low,Male,Great,Great,3485,11,Great,Great,80,Low,0
265,29,Stayed,2,Bachelor's degree,Medical,Low,Male,Good,Good,6644,19,Great,Good,80,Great,0
266,31,Stayed,23,Bachelor's degree,Medical,Good,Male,Good,Excellent,5582,21,Excellent,Good,80,Great,9
267,25,Stayed,5,College,Life Sciences,Good,Male,Excellent,Low,4000,12,Great,Excellent,80,Great,6
268,45,Stayed,20,College,Medical,Great,Male,Great,Excellent,13496,14,Great,Good,80,Great,20
269,36,Stayed,6,Bachelor's degree,Life Sciences,Excellent,Male,Great,Excellent,3210,11,Great,Great,80,Great,15
270,55,Stayed,1,Bachelor's degree,Medical,Excellent,Male,Great,Low,19045,14,Great,Great,80,Great,36
271,47,Churned,29,Master's degree,Life Sciences,Low,Male,Great,Good,11849,12,Great,Excellent,80,Good,10
272,28,Stayed,9,Bachelor's degree,Medical,Excellent,Male,Great,Excellent,2070,23,Excellent,Excellent,80,Good,5
273,37,Stayed,6,Master's degree,Medical,Great,Male,Great,Excellent,6502,14,Great,Good,80,Excellent,5
274,21,Stayed,3,College,Medical,Excellent,Male,Good,Great,3230,17,Great,Low,80,Excellent,3
275,37,Stayed,1,Master's degree,Medical,Low,Female,Great,Excellent,13603,18,Great,Low,80,Great,5
276,35,Stayed,22,Bachelor's degree,Life Sciences,Good,Female,Excellent,Good,11996,18,Great,Good,80,Good,7
277,38,Stayed,7,College,Medical,Low,Female,Excellent,Low,5605,24,Excellent,Great,80,Great,8
278,26,Stayed,1,Bachelor's degree,Life Sciences,Great,Female,Great,Good,6397,20,Excellent,Low,80,Low,6
279,50,Stayed,4,Below College,Life Sciences,Low,Male,Great,Good,19144,14,Great,Low,80,Good,10
280,53,Stayed,3,Master's degree,Medical,Great,Male,Great,Great,17584,16,Great,Excellent,80,Good,5
281,42,Stayed,1,Below College,Life Sciences,Good,Male,Great,Great,4907,25,Excellent,Great,80,Great,20
282,29,Stayed,2,College,Life Sciences,Good,Male,Great,Excellent,4554,18,Great,Low,80,Good,10
283,55,Stayed,20,College,Technical Degree,Good,Male,Great,Excellent,5415,19,Great,Excellent,80,Great,10
284,26,Stayed,11,College,Medical,Low,Male,Great,Low,4741,13,Great,Great,80,Great,5
285,37,Stayed,1,Bachelor's degree,Life Sciences,Excellent,Female,Great,Excellent,2115,12,Great,Good,80,Great,17
286,44,Churned,24,Bachelor's degree,Life Sciences,Excellent,Male,Great,Great,3161,22,Excellent,Excellent,80,Low,1
287,38,Stayed,23,Master's degree,Life Sciences,Excellent,Male,Great,Excellent,5745,14,Great,Good,80,Great,2
288,26,Churned,16,Master's degree,Medical,Low,Male,Great,Good,2373,13,Great,Excellent,80,Great,3
289,28,Stayed,8,College,Life Sciences,Excellent,Female,Great,Excellent,3310,21,Excellent,Excellent,80,Great,5
290,49,Stayed,10,Master's degree,Life Sciences,Great,Female,Great,Low,18665,11,Great,Excellent,80,Great,3
291,36,Stayed,3,Bachelor's degree,Technical Degree,Great,Male,Great,Good,4485,12,Great,Excellent,80,Great,8
292,31,Stayed,5,Bachelor's degree,Marketing,Excellent,Female,Great,Good,2789,11,Great,Great,80,Good,2
293,26,Churned,4,Master's degree,Marketing,Excellent,Male,Good,Excellent,5828,12,Great,Good,80,Great,8
294,37,Stayed,9,Bachelor's degree,Medical,Good,Male,Great,Excellent,2326,12,Great,Great,80,Good,4
295,42,Stayed,26,Bachelor's degree,Marketing,Great,Female,Great,Good,13525,14,Great,Excellent,80,Excellent,20
296,18,Churned,3,Bachelor's degree,Life Sciences,Great,Male,Great,Great,1420,13,Great,Great,80,Great,0
297,35,Stayed,16,Bachelor's degree,Marketing,Great,Male,Great,Good,8020,15,Great,Great,80,Good,11
298,36,Stayed,18,Master's degree,Life Sciences,Great,Male,Excellent,Excellent,3688,18,Great,Excellent,80,Great,1
299,51,Stayed,2,Bachelor's degree,Medical,Excellent,Male,Low,Good,5482,18,Great,Excellent,80,Great,4
300,41,Stayed,2,Master's degree,Life Sciences,Excellent,Male,Great,Good,16015,19,Great,Good,80,Great,22
301,18,Stayed,10,Bachelor's degree,Medical,Excellent,Female,Good,Great,1200,12,Great,Low,80,Great,0
302,28,Stayed,16,College,Medical,Good,Male,Excellent,Low,5661,19,Great,Great,80,Great,8
303,31,Stayed,7,Bachelor's degree,Technical Degree,Good,Male,Excellent,Excellent,6929,11,Great,Good,80,Good,8
304,39,Stayed,1,Bachelor's degree,Medical,Great,Male,Excellent,Excellent,9613,17,Great,Low,80,Good,18
305,36,Stayed,24,Master's degree,Life Sciences,Good,Female,Great,Good,5674,15,Great,Great,80,Great,9
306,32,Stayed,7,Bachelor's degree,Life Sciences,Excellent,Male,Good,Great,5484,14,Great,Great,80,Good,13
307,38,Stayed,25,College,Life Sciences,Low,Female,Good,Good,12061,17,Great,Great,80,Great,10
308,58,Stayed,1,Master's degree,Life Sciences,Excellent,Male,Low,Great,5660,13,Great,Excellent,80,Great,5
309,31,Stayed,5,Master's degree,Technical Degree,Great,Male,Great,Excellent,4821,12,Great,Great,80,Great,5
310,31,Stayed,2,Bachelor's degree,Human Resources,Low,Male,Good,Low,6410,12,Great,Excellent,80,Great,2
311,45,Stayed,7,Bachelor's degree,Life Sciences,Low,Male,Great,Low,5210,18,Great,Low,80,Great,24
312,31,Stayed,2,Master's degree,Life Sciences,Great,Male,Great,Excellent,2695,18,Great,Good,80,Low,2
313,33,Stayed,5,Master's degree,Life Sciences,Excellent,Female,Great,Good,11878,11,Great,Good,80,Great,10
314,39,Stayed,10,Below College,Medical,Great,Male,Great,Low,17068,14,Great,Excellent,80,Great,21
315,43,Stayed,10,Master's degree,Life Sciences,Great,Female,Great,Excellent,2455,19,Great,Low,80,Great,8
316,49,Stayed,1,College,Technical Degree,Great,Female,Good,Great,13964,12,Great,Excellent,80,Great,7
317,52,Churned,8,Master's degree,Medical,Great,Male,Good,Good,4941,15,Great,Low,80,Good,8
318,27,Stayed,5,Bachelor's degree,Life Sciences,Great,Female,Great,Good,2478,12,Great,Good,80,Good,4
319,32,Stayed,8,College,Technical Degree,Great,Female,Good,Good,5228,11,Great,Excellent,80,Great,13
320,27,Stayed,2,Bachelor's degree,Life Sciences,Excellent,Male,Great,Great,4478,11,Great,Low,80,Great,5
321,31,Stayed,7,Bachelor's degree,Marketing,Excellent,Male,Great,Excellent,7547,12,Great,Excellent,80,Great,7
322,32,Stayed,2,Master's degree,Medical,Low,Female,Excellent,Excellent,5055,16,Great,Great,80,Good,7
323,28,Churned,2,Master's degree,Medical,Low,Male,Low,Excellent,3464,13,Great,Excellent,80,Good,3
324,30,Stayed,28,College,Medical,Excellent,Female,Great,Excellent,5775,13,Great,Excellent,80,Great,10
325,31,Stayed,7,College,Life Sciences,Great,Female,Good,Great,8943,24,Excellent,Low,80,Great,10
326,39,Stayed,7,College,Medical,Great,Male,Good,Excellent,19272,15,Great,Low,80,Great,21
327,39,Churned,3,College,Medical,Excellent,Female,Great,Great,5238,18,Great,Low,80,Good,1
328,33,Stayed,10,Bachelor's degree,Marketing,Good,Male,Good,Excellent,4682,14,Great,Great,80,Good,7
329,47,Stayed,5,PhD,Life Sciences,Excellent,Male,Great,Great,18300,11,Great,Good,80,Great,3
330,43,Stayed,10,Master's degree,Life Sciences,Great,Female,Good,Great,5257,11,Great,Good,80,Excellent,9
331,27,Stayed,1,Below College,Marketing,Great,Male,Great,Good,6349,13,Great,Excellent,80,Great,5
332,54,Stayed,20,Master's degree,Life Sciences,Excellent,Female,Great,Great,4869,12,Great,Excellent,80,Good,4
333,43,Stayed,7,Bachelor's degree,Life Sciences,Great,Female,Great,Low,9985,16,Great,Low,80,Good,1
334,45,Stayed,8,Master's degree,Other,Excellent,Male,Great,Excellent,3697,14,Great,Low,80,Great,10
335,40,Stayed,1,College,Medical,Good,Male,Low,Excellent,7457,22,Excellent,Great,80,Good,4
336,29,Churned,8,Master's degree,Other,Good,Male,Low,Low,2119,11,Great,Excellent,80,Good,7
337,29,Stayed,9,PhD,Other,Good,Male,Good,Excellent,3983,17,Great,Great,80,Great,3
338,30,Stayed,5,Bachelor's degree,Marketing,Excellent,Female,Good,Great,6118,13,Great,Great,80,Great,10
339,27,Stayed,8,Master's degree,Marketing,Good,Female,Great,Good,6214,18,Great,Low,80,Great,8
340,37,Stayed,5,College,Medical,Excellent,Male,Great,Excellent,6347,16,Great,Great,80,Good,6
341,38,Stayed,15,College,Life Sciences,Great,Male,Good,Excellent,11510,14,Great,Good,80,Great,11
342,31,Stayed,7,Master's degree,Medical,Great,Female,Great,Excellent,7143,14,Great,Great,80,Good,11
343,29,Stayed,10,Below College,Marketing,Excellent,Female,Good,Good,8268,14,Great,Low,80,Great,7
344,35,Stayed,5,Master's degree,Technical Degree,Great,Male,Great,Good,8095,13,Great,Excellent,80,Great,16
345,23,Stayed,26,Below College,Life Sciences,Great,Male,Great,Excellent,2904,12,Great,Great,80,Good,4
346,41,Stayed,6,Bachelor's degree,Medical,Excellent,Male,Good,Good,6032,15,Great,Excellent,80,Great,5
347,47,Stayed,4,Below College,Medical,Good,Male,Great,Great,2976,19,Great,Low,80,Great,0
348,42,Stayed,23,PhD,Life Sciences,Low,Female,Great,Excellent,15992,14,Great,Good,80,Great,1
349,29,Stayed,2,Bachelor's degree,Life Sciences,Excellent,Male,Great,Great,4649,14,Great,Low,80,Good,4
350,42,Stayed,2,Below College,Technical Degree,Great,Male,Great,Great,2696,11,Great,Great,80,Great,3
351,32,Stayed,2,Bachelor's degree,Medical,Great,Female,Great,Good,2370,13,Great,Great,80,Great,8
352,48,Stayed,29,Below College,Medical,Low,Female,Great,Great,12504,21,Excellent,Good,80,Low,0
353,37,Stayed,6,Bachelor's degree,Medical,Great,Male,Excellent,Low,5974,13,Great,Low,80,Great,7
354,30,Stayed,25,College,Technical Degree,Excellent,Female,Great,Great,4736,12,Great,Good,80,Excellent,2
355,26,Stayed,1,Bachelor's degree,Life Sciences,Great,Male,Great,Great,5296,17,Great,Good,80,Great,8
356,42,Stayed,2,Master's degree,Other,Low,Male,Good,Excellent,6781,23,Excellent,Good,80,Great,1
357,21,Churned,1,Below College,Technical Degree,Low,Female,Good,Good,2174,11,Great,Great,80,Great,3
358,36,Stayed,1,PhD,Medical,Excellent,Female,Great,Excellent,6653,15,Great,Good,80,Great,1
359,36,Stayed,3,Master's degree,Medical,Low,Male,Good,Excellent,9699,11,Great,Low,80,Great,13
360,57,Stayed,1,Master's degree,Medical,Excellent,Male,Great,Great,6755,11,Great,Great,80,Great,3
361,40,Stayed,10,Master's degree,Life Sciences,Excellent,Female,Excellent,Great,2213,13,Great,Great,80,Great,7
362,21,Stayed,9,College,Medical,Low,Male,Great,Excellent,2610,24,Excellent,Great,80,Good,3
363,33,Churned,5,Bachelor's degree,Marketing,Excellent,Female,Great,Great,2851,13,Great,Good,80,Great,1
364,37,Stayed,10,Bachelor's degree,Medical,Great,Female,Great,Low,3452,20,Excellent,Good,80,Great,5
365,46,Stayed,7,Master's degree,Medical,Great,Female,Great,Great,5258,14,Great,Great,80,Excellent,1
366,41,Churned,4,Bachelor's degree,Marketing,Low,Male,Great,Good,9355,18,Great,Great,80,Great,8
367,50,Stayed,10,Bachelor's degree,Technical Degree,Excellent,Male,Good,Excellent,10496,15,Great,Excellent,80,Great,4
368,40,Churned,22,College,Marketing,Great,Male,Good,Great,6380,12,Great,Low,80,Great,6
369,31,Stayed,9,Master's degree,Life Sciences,Great,Male,Good,Good,2657,16,Great,Excellent,80,Great,2
370,21,Churned,12,Bachelor's degree,Life Sciences,Great,Female,Excellent,Good,2716,15,Great,Excellent,80,Great,1
371,29,Stayed,23,Bachelor's degree,Life Sciences,Excellent,Male,Great,Excellent,2201,16,Great,Excellent,80,Great,3
372,35,Stayed,9,Master's degree,Life Sciences,Great,Male,Good,Good,6540,19,Great,Great,80,Great,1
373,27,Stayed,1,College,Medical,Excellent,Male,Great,Good,3816,11,Great,Good,80,Great,5
374,28,Stayed,9,Master's degree,Life Sciences,Good,Male,Great,Excellent,5253,16,Great,Excellent,80,Great,7
375,49,Stayed,7,Bachelor's degree,Other,Good,Male,Good,Great,10965,24,Excellent,Great,80,Great,5
376,51,Stayed,14,College,Life Sciences,Great,Female,Great,Excellent,4936,11,Great,Great,80,Good,7
377,36,Stayed,2,Bachelor's degree,Life Sciences,Excellent,Female,Great,Great,2543,13,Great,Good,80,Great,2
378,34,Churned,19,Bachelor's degree,Marketing,Low,Male,Excellent,Excellent,5304,13,Great,Good,80,Good,5
379,55,Stayed,2,Bachelor's degree,Life Sciences,Great,Female,Great,Excellent,16659,13,Great,Great,80,Great,5
380,24,Stayed,10,Master's degree,Marketing,Excellent,Female,Great,Great,4260,12,Great,Excellent,80,Excellent,5
381,30,Stayed,2,Below College,Technical Degree,Great,Male,Great,Good,2476,18,Great,Low,80,Great,1
382,26,Churned,3,Below College,Technical Degree,Great,Male,Great,Low,3102,22,Excellent,Great,80,Great,6
383,22,Stayed,11,Bachelor's degree,Medical,Low,Female,Great,Good,2244,13,Great,Excellent,80,Great,2
384,36,Stayed,2,College,Medical,Good,Male,Good,Great,7596,13,Great,Good,80,Great,10
385,30,Churned,4,Bachelor's degree,Technical Degree,Great,Male,Great,Excellent,2285,23,Excellent,Great,80,Great,1
386,37,Stayed,14,Bachelor's degree,Life Sciences,Excellent,Female,Great,Low,3034,12,Great,Great,80,Good,18
387,40,Stayed,2,College,Marketing,Excellent,Female,Great,Good,5715,12,Great,Great,80,Great,5
388,42,Stayed,1,Master's degree,Life Sciences,Good,Female,Great,Low,2576,16,Great,Good,80,Great,5
389,37,Stayed,10,Master's degree,Life Sciences,Great,Male,Great,Good,4197,12,Great,Excellent,80,Good,1
390,43,Stayed,12,Bachelor's degree,Life Sciences,Low,Male,Good,Good,14336,11,Great,Great,80,Great,25
391,40,Stayed,2,Bachelor's degree,Medical,Good,Female,Good,Great,3448,22,Excellent,Good,80,Great,1
392,54,Stayed,5,College,Medical,Low,Male,Great,Low,19406,11,Great,Great,80,Good,4
393,34,Stayed,4,Master's degree,Marketing,Great,Female,Great,Great,6538,15,Great,Low,80,Great,3
394,31,Stayed,7,College,Medical,Good,Female,Great,Low,4306,12,Great,Good,80,Low,13
395,43,Stayed,21,Bachelor's degree,Medical,Excellent,Male,Great,Excellent,2258,20,Excellent,Low,80,Great,3
396,43,Stayed,8,Master's degree,Other,Great,Female,Great,Great,4522,14,Great,Excellent,80,Great,5
397,25,Stayed,4,College,Life Sciences,Good,Female,Good,Excellent,4487,11,Great,Good,80,Great,5
398,37,Stayed,25,PhD,Medical,Good,Female,Great,Great,4449,15,Great,Low,80,Great,13
399,31,Stayed,1,College,Life Sciences,Excellent,Male,Good,Low,2218,12,Great,Great,80,Great,4
400,39,Stayed,1,Below College,Life Sciences,Good,Male,Great,Great,19197,14,Great,Great,80,Great,21
401,56,Stayed,6,Bachelor's degree,Life Sciences,Great,Female,Excellent,Low,13212,11,Great,Excellent,80,Good,7
402,30,Stayed,12,Bachelor's degree,Technical Degree,Good,Female,Great,Great,6577,11,Great,Good,80,Great,5
403,41,Stayed,1,Bachelor's degree,Marketing,Good,Male,Excellent,Low,8392,16,Great,Great,80,Great,10
404,28,Stayed,17,College,Medical,Great,Male,Great,Low,4558,12,Great,Excellent,80,Great,10
405,25,Churned,3,Bachelor's degree,Medical,Low,Male,Great,Low,4031,13,Great,Great,80,Great,2
406,52,Stayed,3,Bachelor's degree,Medical,Excellent,Male,Good,Great,7969,14,Great,Great,80,Great,5
407,45,Stayed,10,College,Life Sciences,Low,Male,Great,Excellent,2654,21,Excellent,Excellent,80,Good,2
408,52,Stayed,4,College,Life Sciences,Excellent,Female,Great,Excellent,16555,13,Great,Excellent,80,Low,5
409,42,Stayed,29,College,Life Sciences,Low,Female,Great,Great,4556,11,Great,Good,80,Great,5
410,30,Stayed,2,Bachelor's degree,Life Sciences,Great,Female,Low,Excellent,6091,20,Excellent,Great,80,Great,5
411,60,Stayed,7,Bachelor's degree,Life Sciences,Low,Female,Great,Low,19566,11,Great,Excellent,80,Low,29
412,46,Stayed,18,Bachelor's degree,Medical,Great,Female,Great,Great,4810,14,Great,Great,80,Good,10
413,42,Stayed,28,Master's degree,Technical Degree,Excellent,Female,Good,Excellent,4523,11,Great,Excellent,80,Excellent,6
414,24,Churned,1,Below College,Technical Degree,Low,Female,Great,Good,3202,16,Great,Good,80,Great,5
415,34,Churned,6,College,Marketing,Excellent,Female,Low,Great,2351,16,Great,Excellent,80,Good,2
416,38,Stayed,2,College,Life Sciences,Excellent,Male,Great,Excellent,1702,23,Excellent,Great,80,Great,1
417,40,Stayed,2,Master's degree,Life Sciences,Great,Female,Great,Great,18041,14,Great,Excellent,80,Great,20
418,26,Stayed,23,Bachelor's degree,Life Sciences,Low,Female,Great,Excellent,2886,22,Excellent,Good,80,Low,3
419,30,Stayed,3,Bachelor's degree,Life Sciences,Great,Male,Great,Excellent,2097,15,Great,Great,80,Low,5
420,29,Stayed,3,Master's degree,Medical,Good,Male,Good,Great,11935,18,Great,Great,80,Great,10
421,29,Churned,25,PhD,Technical Degree,Great,Female,Good,Good,2546,16,Great,Good,80,Excellent,2
422,19,Churned,2,College,Technical Degree,Low,Male,Good,Excellent,2564,12,Great,Great,80,Excellent,1
423,30,Stayed,22,Master's degree,Other,Great,Female,Great,Low,8412,11,Great,Great,80,Great,9
424,57,Stayed,29,Bachelor's degree,Marketing,Low,Male,Good,Excellent,14118,12,Great,Great,80,Good,1
425,50,Stayed,29,Master's degree,Life Sciences,Good,Male,Good,Great,17046,15,Great,Good,80,Great,27
426,30,Stayed,2,Bachelor's degree,Medical,Great,Female,Great,Excellent,2564,14,Great,Great,80,Good,11
427,60,Stayed,28,Bachelor's degree,Marketing,Great,Female,Good,Low,10266,19,Great,Excellent,80,Excellent,18
428,47,Stayed,2,College,Medical,Low,Female,Great,Excellent,5070,13,Great,Great,80,Great,5
429,46,Stayed,2,Bachelor's degree,Life Sciences,Low,Male,Great,Great,17861,13,Great,Great,80,Low,3
430,35,Stayed,22,Bachelor's degree,Life Sciences,Excellent,Male,Low,Great,4230,15,Great,Great,80,Great,5
431,54,Stayed,8,Master's degree,Life Sciences,Great,Female,Great,Great,3780,11,Great,Great,80,Great,1
432,34,Stayed,2,Master's degree,Life Sciences,Excellent,Male,Good,Great,2768,12,Great,Great,80,Great,7
433,46,Stayed,10,Bachelor's degree,Marketing,Great,Female,Good,Excellent,9071,19,Great,Great,80,Great,3
434,31,Stayed,9,Below College,Life Sciences,Great,Male,Great,Good,10648,25,Excellent,Excellent,80,Excellent,13
435,33,Churned,15,Below College,Medical,Good,Male,Great,Great,13610,12,Great,Excellent,80,Excellent,7
436,33,Churned,10,Below College,Medical,Low,Male,Low,Excellent,3408,13,Great,Low,80,Great,4
437,30,Stayed,7,Below College,Marketing,Excellent,Male,Great,Good,2983,14,Great,Low,80,Great,3
438,35,Stayed,16,Bachelor's degree,Life Sciences,Excellent,Male,Great,Great,7632,12,Great,Great,80,Great,8
439,31,Churned,20,Bachelor's degree,Life Sciences,Low,Male,Great,Great,9824,12,Great,Low,80,Great,1
440,34,Churned,23,Bachelor's degree,Human Resources,Good,Female,Great,Low,9950,15,Great,Great,80,Great,3
441,42,Stayed,5,College,Other,Good,Male,Great,Great,2093,17,Great,Excellent,80,Great,2
442,36,Stayed,10,Master's degree,Medical,Good,Male,Great,Excellent,9980,14,Great,Excellent,80,Good,10
443,22,Churned,4,Below College,Technical Degree,Great,Male,Good,Great,3894,16,Great,Great,80,Great,2
444,48,Stayed,2,PhD,Marketing,Good,Female,Great,Excellent,4051,14,Great,Low,80,Great,9
445,55,Stayed,18,PhD,Life Sciences,Low,Female,Great,Good,16835,23,Excellent,Excellent,80,Great,10
446,41,Stayed,10,College,Life Sciences,Excellent,Male,Great,Excellent,6230,14,Great,Excellent,80,Great,14
447,35,Stayed,1,Bachelor's degree,Marketing,Good,Male,Great,Great,4717,11,Great,Great,80,Great,11
448,40,Stayed,6,Bachelor's degree,Life Sciences,Good,Female,Great,Great,13237,15,Great,Great,80,Great,20
449,39,Stayed,8,Below College,Life Sciences,Great,Female,Great,Great,3755,11,Great,Low,80,Great,8
450,31,Stayed,2,Below College,Life Sciences,Good,Male,Great,Excellent,6582,13,Great,Great,80,Excellent,6
451,42,Stayed,24,Bachelor's degree,Medical,Excellent,Male,Great,Low,7406,21,Excellent,Excellent,80,Good,10
452,45,Stayed,2,Bachelor's degree,Other,Excellent,Male,Great,Good,4805,19,Great,Good,80,Excellent,8
453,26,Churned,17,Master's degree,Life Sciences,Good,Female,Great,Great,2741,11,Great,Good,80,Good,7
454,29,Stayed,19,Bachelor's degree,Technical Degree,Excellent,Male,Great,Excellent,4262,12,Great,Good,80,Excellent,3
455,33,Stayed,1,PhD,Medical,Low,Female,Excellent,Great,16184,19,Great,Great,80,Great,6
456,31,Stayed,7,Bachelor's degree,Life Sciences,Great,Male,Good,Excellent,11557,21,Excellent,Great,80,Good,5
457,18,Churned,5,Bachelor's degree,Marketing,Good,Male,Great,Good,1878,14,Great,Excellent,80,Great,0
458,40,Stayed,28,Bachelor's degree,Other,Great,Male,Low,Low,10932,15,Great,Great,80,Great,1
459,41,Stayed,2,Master's degree,Other,Low,Female,Good,Great,6811,17,Great,Low,80,Great,8
460,26,Stayed,29,College,Medical,Low,Male,Great,Great,4306,12,Great,Low,80,Great,0
461,35,Stayed,1,Bachelor's degree,Medical,Low,Female,Great,Great,4859,16,Great,Excellent,80,Great,5
462,34,Stayed,21,Master's degree,Life Sciences,Excellent,Male,Excellent,Excellent,5337,12,Great,Excellent,80,Great,10
463,26,Churned,24,Bachelor's degree,Technical Degree,Great,Male,Low,Excellent,2340,18,Great,Good,80,Low,1
464,37,Stayed,1,Bachelor's degree,Technical Degree,Good,Female,Great,Excellent,7491,17,Great,Excellent,80,Excellent,6
465,46,Stayed,18,Below College,Medical,Low,Female,Great,Great,10527,11,Great,Excellent,80,Good,2
466,41,Stayed,2,PhD,Life Sciences,Good,Female,Great,Low,16595,16,Great,Good,80,Great,18
467,37,Stayed,9,Master's degree,Medical,Low,Male,Great,Good,8834,13,Great,Excellent,80,Great,9
468,52,Stayed,6,College,Technical Degree,Excellent,Male,Great,Low,5577,12,Great,Good,80,Great,10
469,32,Churned,11,Master's degree,Other,Excellent,Male,Excellent,Great,4707,12,Great,Excellent,80,Great,4
470,24,Stayed,24,Bachelor's degree,Medical,Excellent,Male,Great,Excellent,2400,13,Great,Great,80,Great,2
471,38,Stayed,10,Bachelor's degree,Medical,Great,Female,Great,Great,9824,19,Great,Great,80,Great,1
472,37,Stayed,1,Master's degree,Life Sciences,Good,Female,Great,Good,6447,12,Great,Good,80,Good,6
473,49,Stayed,18,Master's degree,Life Sciences,Excellent,Male,Good,Great,19502,17,Great,Great,80,Great,31
474,24,Stayed,23,Bachelor's degree,Medical,Good,Male,Excellent,Excellent,2725,11,Great,Good,80,Great,6
475,26,Stayed,28,College,Marketing,Low,Male,Great,Good,6272,20,Excellent,Excellent,80,Excellent,5
476,24,Stayed,17,College,Other,Excellent,Male,Good,Good,2127,21,Excellent,Excellent,80,Great,1
477,50,Stayed,3,Bachelor's degree,Medical,Low,Male,Great,Good,18200,11,Great,Great,80,Great,32
478,25,Stayed,13,Below College,Medical,Good,Male,Great,Great,2096,11,Great,Great,80,Great,7
479,24,Churned,7,Bachelor's degree,Life Sciences,Low,Female,Great,Great,2886,16,Great,Excellent,80,Great,6
480,30,Churned,12,Master's degree,Life Sciences,Good,Male,Good,Low,2033,18,Great,Great,80,Excellent,1
481,34,Stayed,1,College,Life Sciences,Good,Male,Good,Excellent,3622,13,Great,Excellent,80,Great,6
482,31,Churned,13,Master's degree,Medical,Good,Male,Great,Low,4233,17,Great,Great,80,Low,3
483,35,Stayed,25,College,Other,Low,Male,Good,Excellent,3681,14,Great,Excellent,80,Great,3
484,31,Stayed,6,Master's degree,Medical,Low,Male,Excellent,Excellent,5460,22,Excellent,Excellent,80,Excellent,7
485,27,Stayed,6,Master's degree,Medical,Low,Female,Good,Great,2187,12,Great,Great,80,Good,5
486,37,Stayed,2,Bachelor's degree,Marketing,Excellent,Male,Great,Great,9602,11,Great,Great,80,Good,3
487,20,Stayed,1,Bachelor's degree,Life Sciences,Excellent,Female,Good,Good,2836,13,Great,Excellent,80,Excellent,1
488,42,Stayed,2,Master's degree,Life Sciences,Great,Female,Great,Excellent,4089,13,Great,Good,80,Great,10
489,43,Stayed,6,Master's degree,Other,Good,Male,Good,Excellent,16627,14,Great,Great,80,Good,1
490,38,Stayed,1,Below College,Life Sciences,Great,Female,Great,Low,2619,17,Great,Excellent,80,Good,0
491,43,Stayed,9,PhD,Medical,Excellent,Male,Great,Great,5679,13,Great,Good,80,Great,8
492,48,Stayed,1,Master's degree,Life Sciences,Excellent,Female,Good,Low,15402,11,Great,Low,80,Low,3
493,44,Stayed,1,Master's degree,Life Sciences,Low,Female,Good,Great,5985,11,Great,Good,80,Excellent,2
494,34,Stayed,14,Bachelor's degree,Technical Degree,Great,Female,Great,Great,2579,18,Great,Excellent,80,Great,8
495,27,Churned,2,Below College,Marketing,Great,Male,Great,Low,3041,11,Great,Good,80,Great,4
496,21,Stayed,22,Below College,Technical Degree,Great,Male,Great,Great,3447,11,Great,Great,80,Great,3
497,44,Stayed,3,Master's degree,Other,Excellent,Male,Great,Excellent,19513,12,Great,Low,80,Excellent,2
498,22,Stayed,6,Below College,Medical,Low,Male,Great,Great,2773,20,Excellent,Excellent,80,Great,2
499,33,Stayed,8,Master's degree,Marketing,Great,Male,Great,Great,7104,12,Great,Excellent,80,Great,5
500,32,Stayed,9,Master's degree,Life Sciences,Low,Female,Great,Excellent,6322,12,Great,Excellent,80,Good,6
501,30,Stayed,3,Bachelor's degree,Medical,Great,Female,Great,Great,2083,20,Excellent,Great,80,Great,1
502,53,Stayed,1,Below College,Medical,Excellent,Female,Great,Low,8381,20,Excellent,Excellent,80,Excellent,14
503,34,Stayed,1,PhD,Life Sciences,Good,Male,Great,Excellent,2691,12,Great,Excellent,80,Good,10
504,45,Churned,26,Master's degree,Life Sciences,Low,Female,Great,Low,4286,14,Great,Excellent,80,Great,1
505,26,Stayed,6,Bachelor's degree,Life Sciences,Great,Female,Great,Excellent,2659,13,Great,Great,80,Great,3
506,37,Stayed,3,Bachelor's degree,Other,Great,Male,Great,Great,9434,15,Great,Great,80,Great,10
507,29,Stayed,3,College,Medical,Good,Female,Great,Great,5561,14,Great,Low,80,Good,6
508,35,Stayed,6,Master's degree,Life Sciences,Good,Male,Low,Excellent,6646,13,Great,Good,80,Great,17
509,33,Stayed,6,Bachelor's degree,Life Sciences,Great,Male,Great,Excellent,7725,23,Excellent,Great,80,Low,13
510,54,Stayed,19,Master's degree,Medical,Great,Male,Great,Good,10725,15,Great,Great,80,Excellent,9
511,36,Stayed,9,College,Medical,Good,Male,Good,Good,8847,11,Great,Great,80,Great,3
512,27,Stayed,3,Master's degree,Medical,Low,Male,Good,Excellent,2045,13,Great,Excellent,80,Great,4
513,20,Churned,10,Below College,Medical,Excellent,Male,Great,Great,1009,11,Great,Excellent,80,Great,1
514,33,Churned,3,Bachelor's degree,Life Sciences,Low,Male,Great,Low,3348,11,Great,Low,80,Great,10
515,35,Stayed,3,Bachelor's degree,Life Sciences,Great,Male,Good,Great,1281,18,Great,Great,80,Great,1
516,23,Stayed,4,Bachelor's degree,Medical,Low,Male,Excellent,Low,2819,16,Great,Low,80,Excellent,3
517,25,Stayed,8,Bachelor's degree,Life Sciences,Excellent,Male,Excellent,Good,4851,22,Excellent,Great,80,Great,3
518,38,Stayed,7,Master's degree,Marketing,Excellent,Female,Good,Excellent,4028,20,Excellent,Low,80,Great,7
519,29,Stayed,1,Master's degree,Life Sciences,Good,Male,Low,Excellent,2720,18,Great,Excellent,80,Great,10
520,48,Stayed,2,Below College,Marketing,Good,Male,Excellent,Good,8120,12,Great,Excellent,80,Great,2
521,27,Stayed,3,Below College,Medical,Excellent,Female,Excellent,Excellent,4647,20,Excellent,Good,80,Great,6
522,37,Stayed,10,College,Life Sciences,Excellent,Male,Excellent,Excellent,4680,17,Great,Low,80,Great,1
523,50,Stayed,28,Below College,Medical,Excellent,Male,Excellent,Great,3221,11,Great,Great,80,Great,20
524,34,Stayed,9,Bachelor's degree,Medical,Excellent,Female,Good,Good,8621,14,Great,Good,80,Excellent,8
525,24,Churned,3,College,Life Sciences,Low,Female,Great,Great,4577,14,Great,Low,80,Great,2
526,39,Stayed,2,Master's degree,Technical Degree,Excellent,Female,Good,Great,4553,11,Great,Low,80,Great,20
527,32,Stayed,10,Bachelor's degree,Marketing,Excellent,Male,Great,Excellent,5396,12,Great,Excellent,80,Good,10
528,50,Churned,8,College,Technical Degree,Good,Male,Great,Great,6796,14,Great,Low,80,Great,4
529,38,Stayed,1,Master's degree,Life Sciences,Good,Female,Excellent,Excellent,7625,13,Great,Great,80,Good,9
530,27,Stayed,1,College,Life Sciences,Great,Female,Great,Low,7412,11,Great,Excellent,80,Great,9
531,32,Stayed,3,College,Life Sciences,Great,Female,Great,Excellent,11159,15,Great,Excellent,80,Great,7
532,47,Stayed,14,Master's degree,Marketing,Excellent,Male,Great,Low,4960,12,Great,Excellent,80,Great,7
533,40,Stayed,5,Master's degree,Life Sciences,Excellent,Male,Good,Low,10475,21,Excellent,Great,80,Great,18
534,53,Stayed,7,Bachelor's degree,Life Sciences,Great,Male,Excellent,Great,14814,19,Great,Great,80,Great,5
535,41,Stayed,10,Master's degree,Human Resources,Good,Male,Good,Excellent,19141,15,Great,Good,80,Good,21
536,60,Stayed,16,Master's degree,Marketing,Low,Male,Great,Low,5405,14,Great,Excellent,80,Great,2
537,27,Stayed,10,College,Life Sciences,Excellent,Male,Great,Low,8793,21,Excellent,Great,80,Good,9
538,41,Stayed,1,Bachelor's degree,Human Resources,Excellent,Male,Good,Great,19189,12,Great,Good,80,Great,22
539,50,Stayed,8,Master's degree,Marketing,Excellent,Male,Great,Good,3875,15,Great,Excellent,80,Great,2
540,28,Churned,1,College,Life Sciences,Low,Female,Low,Good,2216,13,Great,Excellent,80,Great,7
541,36,Stayed,8,Bachelor's degree,Life Sciences,Low,Female,Excellent,Low,11713,14,Great,Low,80,Great,8
542,38,Stayed,1,Bachelor's degree,Life Sciences,Great,Female,Great,Great,7861,14,Great,Excellent,80,Excellent,1
543,44,Stayed,24,Bachelor's degree,Medical,Low,Male,Low,Great,3708,14,Great,Great,80,Great,5
544,47,Stayed,3,Bachelor's degree,Medical,Excellent,Female,Great,Great,13770,12,Great,Excellent,80,Good,22
545,30,Stayed,27,PhD,Marketing,Great,Male,Great,Excellent,5304,23,Excellent,Excellent,80,Good,8
546,29,Stayed,10,Bachelor's degree,Life Sciences,Great,Male,Great,Great,2642,11,Great,Great,80,Great,1
547,42,Churned,19,Bachelor's degree,Medical,Great,Male,Excellent,Great,2759,12,Great,Excellent,80,Great,2
548,43,Stayed,15,Bachelor's degree,Life Sciences,Excellent,Male,Good,Excellent,6804,18,Great,Great,80,Great,2
549,34,Stayed,8,College,Medical,Good,Female,Great,Great,6142,11,Great,Excellent,80,Great,5
550,23,Stayed,9,Below College,Medical,Good,Male,Great,Low,2500,14,Great,Excellent,80,Excellent,4
551,39,Stayed,3,Bachelor's degree,Human Resources,Great,Female,Excellent,Good,6389,15,Great,Great,80,Low,8
552,56,Stayed,9,Bachelor's degree,Medical,Great,Male,Great,Excellent,11103,11,Great,Great,80,Good,10
553,40,Stayed,2,Below College,Medical,Excellent,Female,Good,Excellent,2342,20,Excellent,Excellent,80,Good,4
554,27,Stayed,7,Bachelor's degree,Medical,Excellent,Female,Good,Low,6811,19,Great,Low,80,Low,7
555,29,Stayed,10,Bachelor's degree,Marketing,Excellent,Male,Great,Good,2297,14,Great,Excellent,80,Great,2
556,53,Stayed,6,Bachelor's degree,Life Sciences,Excellent,Male,Great,Excellent,2450,17,Great,Excellent,80,Great,2
557,35,Stayed,2,Master's degree,Life Sciences,Excellent,Female,Great,Low,5093,11,Great,Low,80,Excellent,1
558,32,Stayed,24,Master's degree,Life Sciences,Low,Male,Great,Excellent,5309,15,Great,Excellent,80,Great,10
559,38,Stayed,2,PhD,Medical,Excellent,Male,Great,Great,3057,13,Great,Good,80,Low,1
560,34,Stayed,8,PhD,Life Sciences,Good,Female,Great,Low,5121,14,Great,Great,80,Great,0
561,52,Stayed,3,Master's degree,Marketing,Great,Male,Good,Low,16856,11,Great,Low,80,Excellent,34
562,33,Churned,1,Master's degree,Other,Excellent,Male,Great,Excellent,2686,13,Great,Great,80,Good,10
563,25,Stayed,26,Below College,Medical,Great,Female,Great,Excellent,6180,23,Excellent,Good,80,Good,6
564,45,Stayed,2,College,Technical Degree,Good,Male,Low,Great,6632,13,Great,Low,80,Great,8
565,23,Stayed,10,Below College,Medical,Low,Male,Excellent,Great,3505,18,Great,Excellent,80,Great,2
566,47,Churned,27,College,Life Sciences,Good,Female,Excellent,Great,6397,12,Great,Excellent,80,Great,5
567,34,Stayed,2,Bachelor's degree,Other,Excellent,Male,Great,Excellent,6274,22,Excellent,Great,80,Great,6
568,55,Churned,2,Bachelor's degree,Medical,Excellent,Male,Great,Low,19859,13,Great,Excellent,80,Great,5
569,36,Stayed,8,Master's degree,Life Sciences,Low,Male,Good,Low,7587,15,Great,Good,80,Great,10
570,52,Stayed,19,Master's degree,Medical,Excellent,Male,Great,Excellent,4258,18,Great,Low,80,Great,4
571,26,Stayed,1,College,Life Sciences,Low,Female,Low,Excellent,4364,14,Great,Low,80,Great,2
572,29,Stayed,27,Bachelor's degree,Medical,Good,Female,Great,Great,4335,12,Great,Low,80,Good,8
573,26,Churned,8,Bachelor's degree,Technical Degree,Excellent,Male,Good,Low,5326,17,Great,Great,80,Good,4
574,34,Stayed,1,Master's degree,Life Sciences,Good,Female,Excellent,Excellent,3280,16,Great,Great,80,Great,4
575,54,Stayed,19,Master's degree,Medical,Excellent,Female,Great,Low,5485,11,Great,Good,80,Great,5
576,27,Stayed,8,Below College,Marketing,Great,Male,Great,Excellent,4342,19,Great,Good,80,Great,4
577,37,Stayed,10,Below College,Life Sciences,Excellent,Female,Great,Low,2782,13,Great,Good,80,Good,5
578,38,Stayed,2,Master's degree,Life Sciences,Low,Female,Excellent,Low,5980,12,Great,Excellent,80,Great,15
579,34,Stayed,2,Master's degree,Medical,Great,Female,Good,Low,4381,11,Great,Great,80,Great,6
580,35,Stayed,8,Master's degree,Life Sciences,Low,Female,Great,Excellent,2572,16,Great,Good,80,Good,3
581,30,Stayed,1,Bachelor's degree,Life Sciences,Excellent,Male,Low,Great,3833,21,Excellent,Great,80,Great,2
582,40,Stayed,2,College,Medical,Great,Female,Excellent,Good,4244,24,Excellent,Excellent,80,Great,8
583,34,Stayed,8,College,Life Sciences,Great,Female,Great,Low,6500,17,Great,Good,80,Great,3
584,42,Stayed,8,Bachelor's degree,Life Sciences,Good,Male,Great,Excellent,18430,13,Great,Good,80,Good,24
585,23,Churned,6,Bachelor's degree,Life Sciences,Great,Male,Excellent,Low,1601,21,Excellent,Great,80,Great,0
586,24,Stayed,9,Bachelor's degree,Life Sciences,Great,Male,Good,Good,2694,11,Great,Great,80,Great,1
587,52,Stayed,11,Master's degree,Life Sciences,Excellent,Female,Great,Great,3149,20,Excellent,Good,80,Great,5
588,50,Stayed,2,Bachelor's degree,Medical,Great,Male,Great,Great,17639,16,Great,Excellent,80,Great,4
589,29,Churned,1,College,Life Sciences,Good,Female,Good,Low,2319,11,Great,Excellent,80,Great,1
590,33,Stayed,7,Bachelor's degree,Medical,Great,Male,Great,Great,11691,11,Great,Excellent,80,Excellent,13
591,33,Churned,16,Bachelor's degree,Marketing,Low,Female,Great,Low,5324,15,Great,Great,80,Great,3
592,47,Stayed,2,College,Other,Great,Female,Great,Excellent,16752,11,Great,Great,80,Good,26
593,36,Stayed,1,Bachelor's degree,Other,Great,Female,Great,Good,5228,15,Great,Low,80,Great,9
594,29,Stayed,23,College,Life Sciences,Great,Male,Excellent,Great,2700,24,Excellent,Great,80,Great,10
595,58,Churned,2,Master's degree,Life Sciences,Excellent,Male,Great,Good,19246,12,Great,Excellent,80,Great,31
596,35,Stayed,1,Master's degree,Life Sciences,Excellent,Female,Excellent,Great,2506,13,Great,Great,80,Great,2
597,42,Stayed,1,College,Life Sciences,Excellent,Female,Good,Excellent,6062,13,Great,Excellent,80,Great,4
598,28,Churned,2,Master's degree,Medical,Great,Male,Great,Great,4382,17,Great,Excellent,80,Good,2
599,36,Stayed,13,Bachelor's degree,Human Resources,Great,Male,Great,Good,2143,13,Great,Good,80,Great,5
600,32,Stayed,4,Bachelor's degree,Life Sciences,Great,Female,Good,Great,6162,12,Great,Great,80,Great,14
601,40,Stayed,16,Master's degree,Medical,Low,Male,Good,Great,5094,14,Great,Excellent,80,Great,1
602,30,Stayed,2,Bachelor's degree,Medical,Great,Female,Good,Excellent,6877,24,Excellent,Good,80,Good,0
603,45,Stayed,2,Bachelor's degree,Life Sciences,Good,Female,Good,Great,2274,14,Great,Excellent,80,Great,1
604,42,Stayed,29,Bachelor's degree,Life Sciences,Good,Male,Great,Good,4434,13,Great,Excellent,80,Good,9
605,38,Stayed,12,Bachelor's degree,Life Sciences,Low,Male,Good,Low,6288,15,Great,Great,80,Good,4
606,34,Stayed,16,Master's degree,Life Sciences,Great,Female,Good,Excellent,2553,16,Great,Great,80,Great,5
607,49,Churned,11,Bachelor's degree,Marketing,Great,Female,Great,Excellent,7654,18,Great,Low,80,Excellent,9
608,55,Churned,2,Below College,Medical,Great,Male,Great,Excellent,5160,16,Great,Great,80,Good,9
609,43,Stayed,14,College,Life Sciences,Good,Male,Great,Low,17159,24,Excellent,Great,80,Great,4
610,27,Stayed,5,Below College,Technical Degree,Great,Male,Good,Excellent,12808,16,Great,Good,80,Great,9
611,35,Stayed,7,Bachelor's degree,Other,Great,Male,Great,Great,10221,21,Excellent,Good,80,Excellent,8
612,28,Stayed,2,Master's degree,Marketing,Good,Female,Great,Good,4779,20,Excellent,Low,80,Great,8
613,34,Stayed,3,College,Human Resources,Great,Male,Great,Excellent,3737,19,Great,Great,80,Low,3
614,26,Churned,5,College,Medical,Great,Female,Good,Great,2366,14,Great,Low,80,Great,8
615,27,Stayed,3,Bachelor's degree,Medical,Excellent,Male,Great,Excellent,1706,11,Great,Great,80,Good,0
616,51,Stayed,26,Master's degree,Marketing,Low,Female,Great,Great,16307,14,Great,Great,80,Good,20
617,44,Stayed,4,Bachelor's degree,Medical,Excellent,Male,Great,Good,5933,12,Great,Excellent,80,Good,5
618,25,Stayed,2,Below College,Medical,Low,Male,Excellent,Low,3424,13,Great,Great,80,Good,4
619,33,Stayed,1,Bachelor's degree,Medical,Low,Male,Excellent,Low,4037,22,Excellent,Low,80,Great,9
620,35,Stayed,27,Below College,Medical,Great,Female,Good,Low,2559,11,Great,Excellent,80,Good,6
621,36,Stayed,1,College,Life Sciences,Good,Male,Great,Excellent,6201,14,Great,Excellent,80,Good,18
622,32,Stayed,13,Master's degree,Life Sciences,Good,Male,Great,Excellent,4403,11,Great,Great,80,Good,5
623,30,Stayed,5,Master's degree,Life Sciences,Good,Male,Good,Excellent,3761,12,Great,Good,80,Good,5
624,53,Stayed,7,College,Marketing,Low,Female,Good,Excellent,10934,18,Great,Excellent,80,Great,5
625,45,Stayed,9,Bachelor's degree,Marketing,Excellent,Male,Great,Low,10761,12,Great,Great,80,Great,5
626,32,Stayed,8,College,Medical,Great,Female,Excellent,Great,5175,12,Great,Great,80,Good,5
627,52,Stayed,25,Master's degree,Medical,Great,Female,Good,Excellent,13826,22,Excellent,Great,80,Great,9
628,37,Stayed,16,Master's degree,Marketing,Excellent,Male,Good,Great,6334,19,Great,Excellent,80,Great,1
629,28,Stayed,8,College,Medical,Good,Male,Good,Excellent,4936,13,Great,Excellent,80,Great,5
630,22,Stayed,1,College,Life Sciences,Excellent,Male,Good,Excellent,4775,22,Excellent,Low,80,Low,2
631,44,Stayed,8,Master's degree,Life Sciences,Low,Male,Excellent,Excellent,2818,24,Excellent,Great,80,Good,3
632,42,Stayed,2,Below College,Medical,Good,Male,Great,Excellent,2515,14,Great,Excellent,80,Great,2
633,36,Stayed,8,Bachelor's degree,Life Sciences,Low,Male,Good,Low,2342,21,Excellent,Great,80,Great,5
634,25,Stayed,3,Below College,Other,Great,Male,Great,Low,4194,18,Great,Excellent,80,Great,5
635,35,Stayed,9,Bachelor's degree,Life Sciences,Excellent,Female,Good,Great,10685,20,Excellent,Good,80,Great,17
636,35,Churned,25,Master's degree,Life Sciences,Excellent,Female,Great,Good,2022,19,Great,Low,80,Good,10
637,32,Stayed,1,Bachelor's degree,Life Sciences,Excellent,Male,Great,Excellent,2314,12,Great,Good,80,Great,3
638,25,Stayed,4,Below College,Marketing,Great,Male,Good,Low,4256,12,Great,Low,80,Excellent,5
639,49,Stayed,1,Bachelor's degree,Technical Degree,Great,Female,Great,Low,3580,16,Great,Good,80,Great,4
640,24,Stayed,4,Below College,Life Sciences,Low,Male,Good,Excellent,3162,17,Great,Excellent,80,Good,5
641,32,Stayed,5,College,Life Sciences,Good,Male,Great,Good,6524,14,Great,Excellent,80,Great,10
642,38,Stayed,9,Bachelor's degree,Marketing,Good,Male,Good,Good,2899,19,Great,Excellent,80,Great,2
643,42,Stayed,3,Bachelor's degree,Life Sciences,Great,Female,Excellent,Excellent,5231,13,Great,Good,80,Good,5
644,31,Stayed,11,Master's degree,Life Sciences,Excellent,Male,Great,Excellent,2356,19,Great,Good,80,Great,6
645,29,Churned,1,Bachelor's degree,Medical,Good,Female,Good,Great,2800,19,Great,Great,80,Great,3
646,53,Stayed,8,Bachelor's degree,Marketing,Low,Male,Great,Excellent,11836,14,Great,Great,80,Great,2
647,35,Stayed,25,Bachelor's degree,Technical Degree,Excellent,Male,Good,Good,10903,16,Great,Low,80,Great,13
648,37,Stayed,21,College,Medical,Great,Female,Great,Excellent,2973,15,Great,Good,80,Great,5
649,53,Stayed,23,Master's degree,Life Sciences,Excellent,Female,Great,Excellent,14275,18,Great,Great,80,Great,12
650,43,Stayed,1,Bachelor's degree,Life Sciences,Excellent,Female,Great,Excellent,5562,13,Great,Good,80,Good,5
651,47,Stayed,2,College,Marketing,Great,Female,Great,Excellent,4537,22,Excellent,Low,80,Great,7
652,37,Stayed,19,College,Medical,Low,Male,Great,Good,7642,13,Great,Excellent,80,Great,10
653,50,Stayed,2,Master's degree,Life Sciences,Low,Male,Great,Low,17924,11,Great,Excellent,80,Great,31
654,39,Stayed,2,Bachelor's degree,Life Sciences,Excellent,Female,Good,Excellent,5204,11,Great,Great,80,Great,5
655,33,Stayed,3,College,Human Resources,Excellent,Male,Great,Good,2277,11,Great,Great,80,Excellent,4
656,32,Churned,25,Master's degree,Life Sciences,Low,Male,Great,Excellent,2795,24,Excellent,Great,80,Low,1
657,29,Stayed,7,Below College,Medical,Low,Female,Good,Excellent,2532,14,Great,Great,80,Great,4
658,44,Stayed,9,College,Life Sciences,Good,Male,Great,Low,2559,13,Great,Excellent,80,Great,8
659,28,Stayed,5,Master's degree,Medical,Low,Male,Great,Excellent,4908,14,Great,Good,80,Great,4
660,58,Churned,2,Below College,Life Sciences,Excellent,Male,Good,Excellent,2380,14,Great,Excellent,80,Good,1
661,43,Stayed,8,Bachelor's degree,Life Sciences,Low,Female,Great,Good,4765,21,Excellent,Great,80,Excellent,1
662,20,Churned,2,Bachelor's degree,Medical,Great,Female,Good,Great,2044,13,Great,Excellent,80,Good,2
663,21,Churned,18,Below College,Other,Excellent,Female,Great,Excellent,2693,19,Great,Low,80,Good,1
664,36,Stayed,14,Below College,Life Sciences,Great,Male,Great,Excellent,6586,17,Great,Low,80,Good,16
665,47,Stayed,2,Master's degree,Life Sciences,Excellent,Female,Good,Excellent,3294,18,Great,Low,80,Good,3
666,22,Churned,3,Below College,Life Sciences,Good,Female,Great,Great,4171,19,Great,Low,80,Excellent,3
667,41,Churned,2,Master's degree,Life Sciences,Good,Female,Low,Excellent,2778,13,Great,Great,80,Good,7
668,28,Stayed,9,Bachelor's degree,Medical,Great,Female,Great,Great,2377,18,Great,Good,80,Great,2
669,39,Churned,6,Bachelor's degree,Medical,Excellent,Male,Great,Low,2404,21,Excellent,Excellent,80,Low,2
670,27,Stayed,4,Bachelor's degree,Life Sciences,Good,Female,Great,Great,2318,19,Great,Great,80,Great,1
671,34,Stayed,10,Bachelor's degree,Life Sciences,Good,Male,Great,Good,2008,14,Great,Good,80,Great,1
672,42,Stayed,14,College,Medical,Great,Female,Good,Great,6244,17,Great,Low,80,Great,5
673,33,Stayed,1,Master's degree,Other,Great,Male,Good,Low,2799,11,Great,Good,80,Great,3
674,58,Stayed,5,Bachelor's degree,Technical Degree,Great,Female,Good,Good,10552,13,Great,Excellent,80,Great,6
675,31,Stayed,7,Master's degree,Life Sciences,Good,Male,Good,Great,2329,15,Great,Good,80,Excellent,7
676,35,Stayed,21,Below College,Life Sciences,Excellent,Female,Great,Excellent,4014,25,Excellent,Excellent,80,Low,10
677,49,Stayed,8,College,Other,Low,Female,Great,Good,7403,11,Great,Great,80,Good,26
678,48,Stayed,20,Master's degree,Medical,Excellent,Male,Great,Great,2259,17,Great,Low,80,Good,0
679,31,Stayed,20,College,Marketing,Excellent,Female,Great,Great,6932,13,Great,Excellent,80,Good,9
680,36,Stayed,7,Master's degree,Other,Good,Male,Great,Excellent,4678,18,Great,Great,80,Great,6
681,38,Stayed,1,Bachelor's degree,Technical Degree,Excellent,Female,Great,Low,13582,13,Great,Good,80,Great,15
682,32,Stayed,1,Bachelor's degree,Life Sciences,Great,Female,Good,Good,2332,20,Excellent,Great,80,Great,3
683,25,Churned,19,College,Marketing,Great,Male,Good,Good,2413,18,Great,Great,80,Great,1
684,40,Stayed,10,Master's degree,Marketing,Low,Male,Good,Good,9705,12,Great,Good,80,Good,1
685,26,Stayed,1,Bachelor's degree,Medical,Great,Male,Good,Low,4294,12,Great,Good,80,Great,7
686,41,Stayed,6,Bachelor's degree,Medical,Excellent,Male,Great,Low,4721,13,Great,Great,80,Great,18
687,36,Stayed,2,Master's degree,Medical,Great,Male,Great,Great,2519,21,Excellent,Great,80,Great,11
688,19,Churned,21,Bachelor's degree,Other,Excellent,Male,Good,Good,2121,13,Great,Good,80,Excellent,1
689,20,Churned,4,Bachelor's degree,Technical Degree,Low,Male,Great,Low,2973,19,Great,Good,80,Great,1
690,31,Stayed,12,Bachelor's degree,Medical,Excellent,Female,Great,Excellent,5855,11,Great,Great,80,Low,9
691,40,Stayed,9,Master's degree,Medical,Excellent,Male,Great,Good,3617,14,Great,Excellent,80,Great,1
692,32,Stayed,3,Master's degree,Medical,Great,Female,Great,Low,6725,12,Great,Great,80,Excellent,8
693,36,Churned,3,Below College,Life Sciences,Great,Male,Good,Excellent,10325,11,Great,Low,80,Great,16
694,33,Stayed,1,Bachelor's degree,Life Sciences,Good,Female,Good,Excellent,6949,14,Great,Low,80,Great,5
695,37,Churned,1,Master's degree,Life Sciences,Low,Male,Good,Great,10609,11,Great,Great,80,Low,14
696,45,Stayed,4,College,Life Sciences,Great,Male,Great,Good,4447,12,Great,Good,80,Good,9
697,29,Stayed,20,Bachelor's degree,Technical Degree,Great,Female,Great,Excellent,2157,15,Great,Good,80,Great,3
698,35,Stayed,18,Bachelor's degree,Medical,Great,Female,Great,Great,4601,16,Great,Good,80,Great,5
699,52,Stayed,1,College,Life Sciences,Excellent,Male,Great,Excellent,17099,15,Great,Good,80,Good,9
700,58,Churned,2,Bachelor's degree,Technical Degree,Excellent,Male,Great,Great,2479,24,Excellent,Low,80,Great,1
701,53,Stayed,2,College,Medical,Great,Male,Great,Great,14852,13,Great,Great,80,Excellent,17
702,30,Stayed,8,College,Other,Great,Male,Great,Great,7264,11,Great,Low,80,Excellent,8
703,38,Stayed,10,Bachelor's degree,Technical Degree,Great,Female,Great,Excellent,5666,13,Great,Good,80,Great,5
704,35,Stayed,3,Master's degree,Life Sciences,Excellent,Male,Great,Excellent,7823,13,Great,Good,80,Great,10
705,39,Stayed,2,PhD,Life Sciences,Low,Male,Excellent,Great,7880,18,Great,Excellent,80,Great,8
706,40,Churned,24,Bachelor's degree,Life Sciences,Good,Female,Excellent,Good,13194,16,Great,Excellent,80,Good,1
707,47,Stayed,16,Master's degree,Medical,Great,Male,Excellent,Great,5067,19,Great,Great,80,Excellent,19
708,36,Stayed,8,Master's degree,Technical Degree,Low,Male,Great,Excellent,5079,13,Great,Excellent,80,Great,7
709,31,Churned,9,College,Medical,Great,Male,Good,Low,2321,22,Excellent,Low,80,Great,3
710,33,Stayed,17,Bachelor's degree,Life Sciences,Excellent,Male,Great,Great,17444,11,Great,Excellent,80,Great,10
711,29,Churned,10,Bachelor's degree,Life Sciences,Excellent,Female,Good,Low,2404,20,Excellent,Great,80,Great,0
712,33,Stayed,13,Below College,Life Sciences,Good,Female,Great,Excellent,3452,18,Great,Low,80,Great,3
713,45,Stayed,1,Master's degree,Medical,Excellent,Female,Great,Excellent,2270,14,Great,Excellent,80,Great,5
714,50,Stayed,1,College,Medical,Excellent,Male,Great,Excellent,17399,22,Excellent,Great,80,Good,5
715,33,Stayed,1,Master's degree,Other,Great,Female,Excellent,Good,5488,13,Great,Low,80,Great,6
716,41,Stayed,9,Bachelor's degree,Medical,Low,Male,Great,Great,19419,17,Great,Good,80,Excellent,18
717,27,Stayed,16,Master's degree,Technical Degree,Great,Female,Great,Good,2811,14,Great,Good,80,Great,2
718,45,Stayed,23,College,Life Sciences,Excellent,Male,Great,Low,3633,15,Great,Great,80,Great,9
719,47,Stayed,4,College,Life Sciences,Excellent,Female,Great,Excellent,4163,17,Great,Great,80,Great,9
720,30,Churned,22,Bachelor's degree,Life Sciences,Low,Female,Great,Great,2132,11,Great,Good,80,Great,5
721,50,Stayed,24,Bachelor's degree,Life Sciences,Excellent,Male,Great,Great,13973,18,Great,Excellent,80,Great,12
722,38,Stayed,10,Below College,Medical,Great,Male,Great,Great,2684,17,Great,Good,80,Good,2
723,46,Stayed,7,College,Medical,Excellent,Male,Great,Great,10845,13,Great,Good,80,Great,8
724,24,Stayed,17,Below College,Medical,Excellent,Female,Good,Great,4377,15,Great,Good,80,Great,4
725,35,Churned,14,Master's degree,Other,Great,Male,Good,Good,3743,24,Excellent,Excellent,80,Low,4
726,31,Stayed,1,Below College,Life Sciences,Great,Female,Great,Low,4148,12,Great,Great,80,Great,4
727,18,Stayed,5,College,Life Sciences,Good,Male,Great,Excellent,1051,15,Great,Excellent,80,Great,0
728,54,Stayed,17,Bachelor's degree,Technical Degree,Great,Female,Great,Great,10739,11,Great,Great,80,Great,10
729,35,Stayed,25,Master's degree,Medical,Great,Female,Great,Great,10388,11,Great,Great,80,Good,16
730,30,Stayed,8,College,Life Sciences,Good,Female,Excellent,Low,11416,12,Great,Great,80,Good,8
731,20,Churned,11,Bachelor's degree,Medical,Excellent,Female,Good,Low,2600,15,Great,Low,80,Great,1
732,30,Churned,5,Bachelor's degree,Medical,Good,Female,Great,Good,2422,17,Great,Low,80,Great,3
733,26,Stayed,2,College,Medical,Excellent,Male,Excellent,Excellent,5472,12,Great,Good,80,Great,8
734,22,Stayed,8,Below College,Life Sciences,Good,Male,Low,Low,2451,15,Great,Low,80,Good,4
735,48,Stayed,6,Bachelor's degree,Life Sciences,Low,Male,Good,Great,4240,13,Great,Excellent,80,Great,2
736,48,Stayed,4,Master's degree,Life Sciences,Great,Male,Good,Great,10999,14,Great,Good,80,Great,15
737,41,Stayed,7,College,Medical,Excellent,Female,Great,Great,5003,14,Great,Good,80,Great,2
738,39,Stayed,1,Below College,Life Sciences,Excellent,Female,Good,Excellent,12742,16,Great,Great,80,Great,21
739,27,Stayed,2,Master's degree,Life Sciences,Low,Female,Great,Excellent,4227,18,Great,Good,80,Great,3
740,35,Stayed,10,Bachelor's degree,Other,Good,Male,Great,Excellent,3917,20,Excellent,Low,80,Good,3
741,42,Stayed,5,College,Marketing,Excellent,Male,Great,Great,18303,13,Great,Good,80,Excellent,1
742,50,Stayed,9,Bachelor's degree,Life Sciences,Low,Male,Great,Excellent,2380,18,Great,Good,80,Great,1
743,59,Stayed,2,Bachelor's degree,Life Sciences,Great,Female,Good,Excellent,13726,13,Great,Low,80,Great,5
744,37,Churned,11,College,Medical,Low,Female,Low,Good,4777,15,Great,Low,80,Low,1
745,55,Stayed,18,Master's degree,Medical,Great,Male,Great,Good,6385,14,Great,Excellent,80,Great,8
746,41,Stayed,7,Below College,Life Sciences,Good,Female,Low,Great,19973,22,Excellent,Good,80,Great,21
747,38,Stayed,3,Master's degree,Life Sciences,Good,Male,Great,Excellent,6861,12,Great,Great,80,Great,1
748,26,Churned,29,College,Medical,Good,Male,Low,Low,4969,18,Great,Excellent,80,Great,2
749,52,Churned,2,Below College,Marketing,Low,Female,Low,Excellent,19845,15,Great,Excellent,80,Great,32
750,44,Stayed,28,Bachelor's degree,Medical,Excellent,Female,Excellent,Excellent,13320,18,Great,Great,80,Great,12
751,50,Stayed,1,Bachelor's degree,Life Sciences,Excellent,Female,Great,Great,6347,12,Great,Low,80,Great,18
752,36,Churned,16,Master's degree,Life Sciences,Great,Female,Excellent,Low,2743,16,Great,Great,80,Great,17
753,39,Stayed,22,Bachelor's degree,Medical,Excellent,Female,Great,Low,10880,13,Great,Great,80,Great,21
754,33,Stayed,8,Below College,Life Sciences,Good,Female,Good,Excellent,2342,19,Great,Excellent,80,Good,2
755,45,Stayed,11,College,Life Sciences,Excellent,Female,Great,Excellent,17650,13,Great,Good,80,Excellent,9
756,32,Stayed,29,Master's degree,Medical,Excellent,Female,Great,Great,4025,12,Great,Good,80,Great,8
757,34,Stayed,1,Master's degree,Marketing,Good,Male,Excellent,Excellent,9725,11,Great,Excellent,80,Good,15
758,59,Stayed,1,College,Technical Degree,Good,Male,Great,Excellent,11904,14,Great,Great,80,Low,6
759,45,Stayed,24,Master's degree,Medical,Good,Male,Great,Good,2177,16,Great,Low,80,Great,6
760,53,Stayed,2,Bachelor's degree,Marketing,Great,Female,Good,Good,7525,12,Great,Low,80,Great,15
761,36,Churned,15,Bachelor's degree,Other,Low,Male,Great,Great,4834,14,Great,Good,80,Good,1
762,26,Churned,2,Bachelor's degree,Life Sciences,Low,Male,Great,Low,2042,14,Great,Good,80,Great,3
763,34,Stayed,10,Master's degree,Life Sciences,Great,Female,Great,Great,2220,19,Great,Excellent,80,Great,1
764,28,Stayed,10,Below College,Medical,Excellent,Male,Great,Good,1052,22,Excellent,Good,80,Great,1
765,38,Stayed,3,Master's degree,Other,Great,Male,Great,Great,2821,16,Great,Low,80,Great,2
766,50,Stayed,2,Master's degree,Medical,Good,Male,Great,Great,19237,11,Great,Excellent,80,Good,8
767,37,Stayed,3,Bachelor's degree,Other,Excellent,Female,Great,Good,4107,15,Great,Low,80,Good,4
768,40,Stayed,26,Bachelor's degree,Marketing,Great,Male,Great,Low,8396,14,Great,Good,80,Good,7
769,26,Stayed,1,Below College,Medical,Low,Female,Good,Great,2007,13,Great,Great,80,Great,5
770,46,Stayed,1,Master's degree,Medical,Excellent,Male,Great,Excellent,19627,17,Great,Excellent,80,Great,2
771,54,Stayed,2,Master's degree,Life Sciences,Great,Female,Good,Great,10686,11,Great,Good,80,Great,9
772,56,Stayed,9,Bachelor's degree,Medical,Low,Female,Great,Great,2942,19,Great,Good,80,Great,5
773,36,Stayed,12,PhD,Medical,Excellent,Female,Good,Excellent,8858,11,Great,Good,80,Good,14
774,55,Stayed,2,Below College,Medical,Great,Male,Good,Low,16756,15,Great,Good,80,Excellent,9
775,43,Stayed,25,Bachelor's degree,Medical,Great,Male,Good,Excellent,10798,13,Great,Great,80,Great,1
776,20,Churned,9,Bachelor's degree,Marketing,Excellent,Female,Great,Excellent,2323,14,Great,Good,80,Great,2
777,21,Churned,10,Bachelor's degree,Life Sciences,Great,Female,Good,Low,1416,13,Great,Low,80,Good,1
778,46,Stayed,8,Master's degree,Life Sciences,Excellent,Female,Good,Low,4615,23,Excellent,Low,80,Great,16
779,51,Churned,4,Master's degree,Life Sciences,Low,Male,Great,Great,2461,12,Great,Great,80,Excellent,10
780,28,Churned,24,College,Technical Degree,Good,Male,Good,Low,8722,12,Great,Low,80,Good,10
781,26,Stayed,1,College,Medical,Low,Male,Good,Low,3955,16,Great,Low,80,Great,5
782,30,Stayed,20,Bachelor's degree,Other,Great,Male,Great,Low,9957,15,Great,Great,80,Good,6
783,41,Stayed,7,College,Technical Degree,Good,Female,Excellent,Great,3376,13,Great,Great,80,Great,10
784,38,Stayed,17,Below College,Life Sciences,Great,Female,Good,Great,8823,18,Great,Low,80,Good,19
785,40,Stayed,20,Master's degree,Technical Degree,Low,Male,Great,Excellent,10322,20,Excellent,Excellent,80,Great,11
786,27,Stayed,8,PhD,Life Sciences,Low,Male,Low,Great,4621,19,Great,Excellent,80,Great,3
787,55,Stayed,2,Below College,Life Sciences,Excellent,Male,Great,Good,10976,18,Great,Good,80,Great,3
788,28,Stayed,10,Bachelor's degree,Other,Great,Female,Great,Great,3660,13,Great,Excellent,80,Excellent,8
789,44,Churned,1,College,Medical,Good,Male,Good,Low,10482,14,Great,Excellent,80,Great,20
